username,displayName,tweet,likes,retweets,link,date
BashirAhmaad,Bashir Ahmad,I just don‚Äôt understand why the process of choosing the Vice Presidential Candidate of our party becomes a headache for members of the opposition parties? A Muslim-Muslim or a Christian-Christian ticket or whatever combination we come up with is only a business of ours not yours.,3783,605,https://twitter.com/BashirAhmaad/status/1536672214728200194,2022-06-14 11:29:40+00:00
bulamabukarti,Bulama Bukarti,"A Muslim-Muslim ticket isn‚Äôt just deeply unfair &amp; anti-Nigeria, it‚Äôs also politically dumb. It‚Äôd completely alienate Christian voters (40-ish percent) and a significant portion of Muslims would still vote for Atiku. In the end, it‚Äôd a stupid political suicide for BAT and the APC.",458,171,https://twitter.com/bulamabukarti/status/1536336457811517440,2022-06-13 13:15:29+00:00
bulamabukarti,Bulama Bukarti,"As a Muslim who‚Äôs profoundly spiritual, I don‚Äôt support a Muslim-Muslim ticket for the presidency because it‚Äôs deeply unfair, divisive and un-Nigerian. Imagine how you‚Äôd feel if a Christian-Christian ticket was proposed. Islam teaches us to treat others how we want to be treated.",11490,3599,https://twitter.com/bulamabukarti/status/1536072926293811202,2022-06-12 19:48:19+00:00
AishaYesufu,Aisha Yesufu,@CaptBarbosa1 @_christian_obi @obyezeks @PeterObi You are joking right?,1,0,https://twitter.com/AishaYesufu/status/1535902958050758656,2022-06-12 08:32:55+00:00
AishaYesufu,Aisha Yesufu,Jigawa too has many Christians https://t.co/pPGlCS0t6f,55,9,https://twitter.com/AishaYesufu/status/1535628346305937416,2022-06-11 14:21:43+00:00
AishaYesufu,Aisha Yesufu,"This was my take in January on Muslim-Muslim ticket.
Since many do not realise, it is not only Kaduna and Plateau or Benue that have Northern Christians. Kano, Jigawa, Katsina and all the other North Western States have Christians that are indigenes https://t.co/7zbB3h0LY3",232,58,https://twitter.com/AishaYesufu/status/1535625746676334592,2022-06-11 14:11:23+00:00
BashirAhmaad,Bashir Ahmad,"I am not blindly supporting or pushing for a Muslim/Muslim or Christian/Christian tickets, but consciously know that either of the two will definitely help us to reduce or even get rid of the politics that is solely based on religious prejudice in this country. It helped Kaduna.",3710,563,https://twitter.com/BashirAhmaad/status/1535612226656260099,2022-06-11 13:17:39+00:00
BashirAhmaad,Bashir Ahmad,"Dear Asiwaju, what matter the most is the competency of the person you are going to choose as your deputy, if he/she is a Nigerian with the capacity to help you achieve your great plans for this country, I am sure majority won‚Äôt bother whether he/she is a Christian or Muslim. https://t.co/NI81kVbIFD",4969,870,https://twitter.com/BashirAhmaad/status/1535576683411128324,2022-06-11 10:56:25+00:00
mrmacaronii,MrMacaroni,"Nigerians are suffering!! Igbo, Hausa or Yoruba. Christian or Muslim. We are all going through hardship. So why do we keep using tribalism to fight ourselves instead of joining hands together to fight the cause of this suffering and work towards a better society??",22297,7601,https://twitter.com/mrmacaronii/status/1534933284949467136,2022-06-09 16:19:47+00:00
AishaYesufu,Aisha Yesufu,"Let me ask you all a question!
All the Igbos that were killed in Anambra this past week, where they killed because they were Southern Christians?

We are all being killed by monsters and we are busy tagging victims and being outraged when the tag was ours!
Stop it! We are losing!",2946,779,https://twitter.com/AishaYesufu/status/1529214149938790400,2022-05-24 21:33:59+00:00
AishaYesufu,Aisha Yesufu,Boko Haram were killing Muslims in mosques and there was no serious outrage until they started killing Christians.  These terrorists get away because there are certain killings no one cares about,86,28,https://twitter.com/AishaYesufu/status/1529210119426396166,2022-05-24 21:17:58+00:00
AishaYesufu,Aisha Yesufu,Boko Haram were killing Muslims in mosques and there was no serious outrage until they started killing Christians.  These terrorists get away because there are certain killings no one cares about,46,5,https://twitter.com/AishaYesufu/status/1529210031346176000,2022-05-24 21:17:37+00:00
AishaYesufu,Aisha Yesufu,"@_hafsat_paki @shadesofdebby @EzenwokoMiracl1 You should read and comprehend everything she said. If it was Igbo Christian woman that was killed with her children by these murderers would have been bothered?

Those of you who are outraged when it affects your own are the real killers. You just don't use weapons!",6,2,https://twitter.com/AishaYesufu/status/1529200502361182209,2022-05-24 20:39:45+00:00
AishaYesufu,Aisha Yesufu,@TemmyBig1 The religious bias you have make you see the Christians that are persecuted and not the Muslims persecuted. I see all the human beings persecuted. Have a great day,0,0,https://twitter.com/AishaYesufu/status/1528325602532593665,2022-05-22 10:43:13+00:00
obyezeks,Oby Ezekwesili,"Here‚Äôs the thing. 

The individual with ABSOLUTE ACCOUNTABILITY for anything done to Churches and Christians in Sokoto is the Commander-in-Chief of the Armed Forces @DefenceInfoNG @HQNigerianArmy @PoliceNG  and DSS. 

The world and citizens of Nigeria are watching, @MBuhari .‚úçüèæ",282,136,https://twitter.com/obyezeks/status/1525531037945802752,2022-05-14 17:38:37+00:00
dj_switchaholic,Dj Switch,"Spoke wit an Islamic scholar &amp; how most think; D battle to distinguish btwn cultural tenets &amp; wat Qur‚Äôan says aiding their unfortunate defense of evil acts using said Qur‚Äôan (applies to Christians 2). 
Note: Its easy 2 become Muslim/Christian, but not easy 2 become a human being!",162,35,https://twitter.com/dj_switchaholic/status/1525152565687615488,2022-05-13 16:34:42+00:00
AishaYesufu,Aisha Yesufu,"It seems you do not realise that Sokoto has a large population of Christians who are Sokoto indigenes. 
Everyone has a right to worship in their own way anywhere and anyplace. https://t.co/K7I5jjI5pv",64,20,https://twitter.com/AishaYesufu/status/1525018138139627521,2022-05-13 07:40:32+00:00
AreaFada1,Charly Boy Area Fada 1,"Pastor Tunde Bakare With 100,000,000 APC Nominations Form!üò≠

So Aso Rock is better than God's vanyerd? See where una church money dey go. Very pathetic Pastors everywhere.

‚ÄúGod of Men‚Äù indeed .

Christian‚Äôs does dis make any sense to you? https://t.co/sP6GOctgzh",51,10,https://twitter.com/AreaFada1/status/1523291512754569216,2022-05-08 13:19:32+00:00
ShehuSani,Senator Shehu Sani,"This is to wish all Christians marking and celebrating the Easter,a blessed and happy Easter season.May we all share its glory and grace.",1666,165,https://twitter.com/ShehuSani/status/1515233811071737859,2022-04-16 07:41:06+00:00
PoliceNG,Nigeria Police Force,"While felicitating with Nigerians, and the Christian community in particular, on the commemoration of the crucifixion, death, and resurrection of Jesus Christ, ...",11,2,https://twitter.com/PoliceNG/status/1514642802365415425,2022-04-14 16:32:39+00:00
PoliceNG,Nigeria Police Force,"2022 EASTER CELEBRATIONS: IGP FELICITATES WITH THE NIGERIAN CHRISTIAN COMMUNITY

‚Ä¢ Orders Strategic Commanders to Ensure Round-the-Clock Security of the Public Space https://t.co/3TvmRMMMqS",71,16,https://twitter.com/PoliceNG/status/1514642192299610132,2022-04-14 16:30:13+00:00
obyezeks,Oby Ezekwesili,"God give us Christian homes
Homes where the mother, in caring quest
Strives to show others Your way is best
Homes where the Lord is an honoured guest
God give us Christian homes
God give us Christian homes!
 
#HappyMothersDayüë∏üèæü§±üèæ",99,16,https://twitter.com/obyezeks/status/1508147167101390858,2022-03-27 18:21:19+00:00
mrmacaronii,MrMacaroni,@unclegee001 My mom is a Christian and my dad is a Muslim. Till date.,524,26,https://twitter.com/mrmacaronii/status/1506690152269238272,2022-03-23 17:51:39+00:00
mrmacaronii,MrMacaroni,"So here are some facts about me. 
For those that keep asking...  These are pure facts. If you have questions, you can ask. 
I am Adebowale Adedayo, born  in Lagos on the 3rd day of May, 1993. Into a Muslim and Christian Family.  I answer David and Ibrahim.",12191,1762,https://twitter.com/mrmacaronii/status/1506682915530358791,2022-03-23 17:22:54+00:00
BashirAhmaad,Bashir Ahmad,Happy 80th birthday to Pastor E. A. Adeboye of the Redeemed Christian Church of God (RCCG). May God continue to bless his life. https://t.co/frzUeMxh9z,722,80,https://twitter.com/BashirAhmaad/status/1498970028833660928,2022-03-02 10:34:39+00:00
BashirAhmaad,Bashir Ahmad,"President Muhammadu Buhari joins members of Redeemed Christian Church of God (RCCG), the Christian community, particularly clergymen in Nigeria and abroad, in celebrating with Pastor Enoch Adejare Adeboye on the auspicious occasion of his 80th birthday.",604,91,https://twitter.com/BashirAhmaad/status/1498584669209915394,2022-03-01 09:03:22+00:00
obyezeks,Oby Ezekwesili,"‚ÄúThank you.
The Embassy of Nigeria,
Warsaw, Poland

Cc: The Ambassador, H.E Christian Ugwu
The Perm. Sec Gabriel Tanimu Aduda, Ministry of Foreign Affairs‚Äù 

#NigeriansInUkraine @GeoffreyOnyeama @NigeriaGov https://t.co/6oBhH3w4Xq",24,9,https://twitter.com/obyezeks/status/1498230529275183106,2022-02-28 09:36:08+00:00
obyezeks,Oby Ezekwesili,"‚ÄúThank you.
The Embassy of Nigeria,
Warsaw, Poland

Cc: The Ambassador, H.E Christian Ugwu
The Perm. Sec Gabriel Tanimu Aduda, Ministry of Foreign Affairs‚Äù 

#NigeriansInUkraine @GeoffreyOnyeama @NigeriaGov",10,2,https://twitter.com/obyezeks/status/1498230198101331971,2022-02-28 09:34:49+00:00
AreaFada1,Charly Boy Area Fada 1,"In dis our Nigeria, there are many Mumu‚Äôs in the Christian world who lack understanding of how tins work. Respect yasef, 
Don‚Äôt argue with demoooo https://t.co/TOupuGgWhg",55,30,https://twitter.com/AreaFada1/status/1495314567538302978,2022-02-20 08:29:09+00:00
BashirAhmaad,Bashir Ahmad,"@GladHeart9 If that‚Äôs what came to your mind, then let me help you get this to your head, Aboubakar is a Christian while Man√© is a Muslim.",604,50,https://twitter.com/BashirAhmaad/status/1490448544825753603,2022-02-06 22:13:18+00:00
AishaYesufu,Aisha Yesufu,"@Besgrey Muslim Muslim ticket? In this present day polarized Nigeria?
The Kano Christians are so marginalized many people don't even know there are kano indigenes that are Christians",28,9,https://twitter.com/AishaYesufu/status/1477956196015427586,2022-01-03 10:53:10+00:00
AishaYesufu,Aisha Yesufu,"@Dontee___ @FATHERMYSTERY @pojugreat @Hitee_ I wouldn't be surprised if APC field GEJ. That will be a smart move for APC.
1) He is southerner.
2) He is Christian 
3) He can easily be sold to the masses especially the North that the prices of things will go back to 2014 price. 
4) Nigerians have very short term memories 
üö∂‚Äç‚ôÄÔ∏è",3,2,https://twitter.com/AishaYesufu/status/1477952413436948482,2022-01-03 10:38:09+00:00
ShehuSani,Senator Shehu Sani,This is to wish all our Christian friends a blessed and merry Christmas and a happy new year in advance.,950,105,https://twitter.com/ShehuSani/status/1474518822501732360,2021-12-24 23:14:17+00:00
AishaYesufu,Aisha Yesufu,They will not even accept Northern Christian and Southern Muslim President,12,2,https://twitter.com/AishaYesufu/status/1474304074971598848,2021-12-24 09:00:57+00:00
AishaYesufu,Aisha Yesufu,"So pathetic!
Until we tackle it is either a Southern Christian President or the highway and the it is either a Northern Muslim President or the highway people, we will not get good governance. They are the sycophants that enable failed government. https://t.co/AQgCPM0wuR",21,8,https://twitter.com/AishaYesufu/status/1474303821581111323,2021-12-24 08:59:56+00:00
AishaYesufu,Aisha Yesufu,"@tonydaymn10 @awallexy You have no proof. You were a sycophant who wanted Jonathan by all means because he was Christian and Southern. You are no different from those that will never see the wrong Buhari has done because he is Muslim and Northern. 
Shame!",1,0,https://twitter.com/AishaYesufu/status/1474296730669797391,2021-12-24 08:31:46+00:00
AishaYesufu,Aisha Yesufu,"@tonydaymn10 Now it is your turn to protest. You were the one that took Jonathan as your Messiah because he was Christian and from the south.
So you have excuses for Jonathan's invasion of National Assembly the same way that others initially had excuses for that during Osinbajo until he acted",0,0,https://twitter.com/AishaYesufu/status/1474288674238042114,2021-12-24 07:59:45+00:00
AishaYesufu,Aisha Yesufu,"@ayoadegbites the movement i was part of faced DSS harassment during Jonathan. You were silent because Jonathan was Christian President from the South just as some people are silent because Buhari is Muslim President from the North.
Your likes are the evil plaguing Nigeria https://t.co/Q2kBBCjym8",0,0,https://twitter.com/AishaYesufu/status/1473265118591033347,2021-12-21 12:12:30+00:00
AishaYesufu,Aisha Yesufu,"Where is Oritsejafor today?
The hypocrisy of aligning with religion and region did not start today. Many, whose people were being killed were attacking those of us holding last administration accountable because the then president was a Christian. 
Leave things! https://t.co/coLuY1GYUg",27,7,https://twitter.com/AishaYesufu/status/1469670940539867137,2021-12-11 14:10:32+00:00
AishaYesufu,Aisha Yesufu,"Pastors have failed and imams have failed. When Southern Kaduna people were being killed in 2014 a pastor threatened people with hell fire if they do not vote for the president who was silent over the killings because he was Christian. 
The Christianity then was put on ice! https://t.co/coLuY1GYUg",36,8,https://twitter.com/AishaYesufu/status/1469670164983685126,2021-12-11 14:07:27+00:00
AishaYesufu,Aisha Yesufu,"ü§£ü§£ü§£ü§£
Let me repeat Oyedepo was yesterday's MURIC man. 
Many of you were asleep during yesterday's atrocities because the person in charge of the atrocities was a Christian just as many are asleep today because the person in charge of today's atrocities is a Muslim!
Pathetic! https://t.co/FFRQYH0IpX",30,14,https://twitter.com/AishaYesufu/status/1469663041004445701,2021-12-11 13:39:08+00:00
AishaYesufu,Aisha Yesufu,The way the MURIC man shouts up and down because a Muslim is president is the way Oyedepo was shouting up and down because a Christian was president! https://t.co/P8QqnnF6Io,24,7,https://twitter.com/AishaYesufu/status/1469662115816517637,2021-12-11 13:35:28+00:00
AishaYesufu,Aisha Yesufu,"Some of you were sleeping when Oyedepo threatened those who go against Jonathan with hell fire because a Christian and southerner was President. You are the same with those who are silent today because a Muslim and Northerner is President. 
You are  the problem Nigeria has. https://t.co/J6mclwbDSO",25,10,https://twitter.com/AishaYesufu/status/1469661140670197767,2021-12-11 13:31:35+00:00
AishaYesufu,Aisha Yesufu,"Where was your voice when #ChibokGirls were abducted? They weren't Christian enough because a Christian was President?
Where was your voice when citizens were being killed? 
You even said we will go to hell fire if we do not vote GEJ
You and that MURIC man are the same!
Pathetic! https://t.co/qXIvjkpYMi",192,46,https://twitter.com/AishaYesufu/status/1469379524131446797,2021-12-10 18:52:32+00:00
obyezeks,Oby Ezekwesili,"Don Moen‚Äôs ‚ÄúGod Will Make a Way Where There Seems to be No Way‚Äù.üí°

An anthem of our generation of the early 90s Christians. 

Glad to see him continuing to minister around the world. üëçüèæüòä",169,19,https://twitter.com/obyezeks/status/1466937454477381643,2021-12-04 01:08:38+00:00
ShehuSani,Senator Shehu Sani,"They killed Muslim worshipers in their mosques in Niger and Katsina state; they killed Christians in their Churches in Kaduna state;if the Government doesn‚Äôt want to declare them terrorists,it should declare them federal civil servants.",3559,1356,https://twitter.com/ShehuSani/status/1455070631729537025,2021-11-01 07:14:07+00:00
bulamabukarti,Bulama Bukarti,"@LeenaHoffmann More Muslims dying is a counter to a story that pretends that only Christians die. If you don't find that ""good"", thank God I ain't out to convince you. 

Have a great rest of the day!",3,1,https://twitter.com/bulamabukarti/status/1444961964531363840,2021-10-04 09:45:53+00:00
bulamabukarti,Bulama Bukarti,"But you don't find passing Boko Haram as a threat just against Christians crude and disservice?

What do you mean by ""violence affects different groups differently""? Some die differently from others?

My point's that portraying BH as a threat against one group is disingenuous. https://t.co/wgbyHOFYfA",44,20,https://twitter.com/bulamabukarti/status/1444957501838053379,2021-10-04 09:28:09+00:00
bulamabukarti,Bulama Bukarti,Fox appears to be done dividing America and gone global. True that Boko Haram has killed many Christians - which is terrible. But it‚Äôs the case that the terror group has killed far more Muslims. Fox didn‚Äôt have the decency of making the majority of the victims even a footnote. https://t.co/CaVDL9DmmE,134,103,https://twitter.com/bulamabukarti/status/1444759831898951685,2021-10-03 20:22:40+00:00
AishaYesufu,Aisha Yesufu,"@seunonigbinde @Soojaey Let's not forget the role of religious rulers. 
On the muslim side, they tell the people to endure that the hereafter is theirs. On the Christian side they tell the people that person miracle will suffice. On the traditional side they tell you to be fortified and get ritual money",4,1,https://twitter.com/AishaYesufu/status/1435232632762257408,2021-09-07 13:24:59+00:00
AishaYesufu,Aisha Yesufu,"The other day someone tweeted that Boko Haram started because GEJ was a Christian President i just laughed. We are failed by leaders and we make excuses for them. 
@ose_anenih #PDPIsTheSameAsAPC
#LikeGejitesLikeBuharists https://t.co/2JSW1QhlMA",14,4,https://twitter.com/AishaYesufu/status/1434828444177772551,2021-09-06 10:38:53+00:00
bulamabukarti,Bulama Bukarti,"It‚Äôs wrong to massacre innocent travelers. It‚Äôs wrong to slaughter innocent villagers in Yelwa. Now, if more Muslims are killed, more Christians will be killed. If more Christians are killed, more Muslims will be killed. The cycle will keep expanding and all will keep losing.",108,54,https://twitter.com/bulamabukarti/status/1431551697038491653,2021-08-28 09:38:16+00:00
bulamabukarti,Bulama Bukarti,"Two weeks ago, some violent people, who happen to be Christian, killed 30 Muslim travelers. Then reckless Muslims incited beasts, who happen to be Muslim, to kill 33 innocent Christians. Now, reckless Christians are inciting counter-reprisal. Can‚Äôt we see where this will take us?",262,133,https://twitter.com/bulamabukarti/status/1431551695411159042,2021-08-28 09:38:15+00:00
bulamabukarti,Bulama Bukarti,"BBC Hausa gave update yesterday on the death toll and victims of the Zangam attack. A community leader in the village told the BBC that 33 bodies have so far been identified and that the victims were from the Anaguta ethnic group, majority of whom are Christian. This is barbaric!",672,658,https://twitter.com/bulamabukarti/status/1431130388815024128,2021-08-27 05:44:08+00:00
bulamabukarti,Bulama Bukarti,Striking how communities in Nigeria hold exactly the same grievances against each other. Christians say security forces don‚Äôt respond quickly when they‚Äôre attacked. Muslims say the same. Muslims say the media turns the other way when they‚Äôre the victims. Christian say the same.,231,82,https://twitter.com/bulamabukarti/status/1427556594787700739,2021-08-17 09:03:09+00:00
ShehuSani,Senator Shehu Sani,Two hundred Students of the Tegina Islamic school in Niger State are in the hands of Bandits;One hundred and twenty one students of the Bethel Baptist High School Kaduna are in the hands of Bandits:Terrorists in Northern Nigeria spare neither Muslims nor Christians nor animists.,935,421,https://twitter.com/ShehuSani/status/1418479810947567616,2021-07-23 07:55:15+00:00
AishaYesufu,Aisha Yesufu,"There are no places where there are no indigenous people with a different religion from that of the majority.
Kano State has indigenous christians called maguzawa ( was told it is derogatory tetm). They are the original indigenous people of Kano. Just like Native indians of US https://t.co/BmcvdLklaR",261,76,https://twitter.com/AishaYesufu/status/1417887011399249923,2021-07-21 16:39:41+00:00
ShehuSani,Senator Shehu Sani,In Kaduna State both Muslims and Christians are victims of Banditry and terrorism.The difference is that the representatives of the former have voluntarily chosen to conceal the suffering and tragedy of their people in order not to hurt the people in Government.,934,329,https://twitter.com/ShehuSani/status/1417130990850424835,2021-07-19 14:35:31+00:00
AishaYesufu,Aisha Yesufu,"Where is the outrage of those Islamic scholars ( They are not deserving of being called scholars sef)from sokoto and kano about the students from ISLAMIYA SCHOOL that were abducted? The hypocrites would have remembered the children were Muslims if a Christian was President
Shame! https://t.co/hSIhOocajT",47,29,https://twitter.com/AishaYesufu/status/1416348663945863168,2021-07-17 10:46:50+00:00
AishaYesufu,Aisha Yesufu,"So it is okay for someone from the North/Muslim to say they are not the same with these people from the South/Christians over the cultism and killings, the lynching and murders, the burying of humans live as foundation for churches, the money rituals using human body parts etc? https://t.co/gyRRE0crgT",24,7,https://twitter.com/AishaYesufu/status/1415983980214620162,2021-07-16 10:37:43+00:00
AishaYesufu,Aisha Yesufu,"This was less than a year ago. There were people who condemned, there were people who supported and they were people who did not engage. 
Did anyone lump everyone from the South or every Christian as ""THESE PEOPLE ""
That is what @KadariaAhmed is talking about. https://t.co/CXOhYB2B4f",47,13,https://twitter.com/AishaYesufu/status/1415959878053552132,2021-07-16 09:01:56+00:00
AishaYesufu,Aisha Yesufu,"When Pastor Ibiyeomie threatened to kill Daddy Freeze if he ever insult Pastor Oyedepo again, did anyone talk about ""THESE PEOPLE""?
There were Christians and Scotherners who condemned, there were those who supported and those who didn't engage!
https://t.co/Dq0KuPJJmC https://t.co/7f2tIppJhj",13,7,https://twitter.com/AishaYesufu/status/1415957619005657089,2021-07-16 08:52:58+00:00
AishaYesufu,Aisha Yesufu,"Southern Kaduna lives meant nothing to many from Southern Kaduna in 2014 because Jonathan a Christian was President. 
I have since concluded religion means more to those from the 19 Northern States than the lives of their people https://t.co/wFKLXcALo6 https://t.co/ZADrsoBePr",14,7,https://twitter.com/AishaYesufu/status/1414564848835469317,2021-07-12 12:38:35+00:00
AishaYesufu,Aisha Yesufu,"A Nigerian in New York said I should apologise for my choices in 2015 election. 
The people from Southern Kaduna that were killed then didn't matter because a Christian was President just as people from Katsina killed today don't matter be a a Muslim is President. 
What a people! https://t.co/VIEpB196R5 https://t.co/taPfjhGJBS",13,8,https://twitter.com/AishaYesufu/status/1414560775855824897,2021-07-12 12:22:24+00:00
AishaYesufu,Aisha Yesufu,"Innalillahi wa Inna ilayhi rajiun.
Buhari has shown beyond reasonable doubt that he does not care for Nigerian lives be it Muslim, Christian,  Male, female, old, young, Northerner or Southerner. https://t.co/hpiQuzE1x8",159,80,https://twitter.com/AishaYesufu/status/1406549793514606592,2021-06-20 09:49:37+00:00
AreaFada1,Charly Boy Area Fada 1,"My friend, do not be mumued the real battle is not between North and South, Christian and Muslim, Igbo and Fulani. No.The real battle is between love and hate, between extremism and tolerance, between meritocracy and privilege, between a dynamic view of culture and a static one.",132,45,https://twitter.com/AreaFada1/status/1400698997594103809,2021-06-04 06:20:39+00:00
AishaYesufu,Aisha Yesufu,"First security formations and agents then Muslims working with government, then muslim clerics, mosques then Christian and churches.
Muslims being killed was seen as dem dem. Even up till now https://t.co/BvlLcMWKxj",62,15,https://twitter.com/AishaYesufu/status/1397272141880516610,2021-05-25 19:23:33+00:00
MBuhari,Muhammadu Buhari,"Unity and solidarity among all citizens, Muslims and Christians are imperative especially at a time when our country is faced with multiple challenges which are surmountable only when we come together as one.",235,61,https://twitter.com/MBuhari/status/1392790622013173761,2021-05-13 10:35:35+00:00
AreaFada1,Charly Boy Area Fada 1,"I don‚Äôt need to kneel down or stand up or be Born again, again.
I am not denying Christ by not being a Christian. 
I am a Theist, expanding on Christ narrative.

If you know u know.",12,5,https://twitter.com/AreaFada1/status/1391341238985666560,2021-05-09 10:36:15+00:00
MBuhari,Muhammadu Buhari,"My deepest sympathies to the family of Pastor Enoch Adeboye, General Overseer of the Redeemed Christian Church of God (RCCG), on the passing of his son, Pastor Dare Adeboye. I pray that God Almighty will grant the departed rest, and comfort grieving family, friends &amp; associates.",5205,860,https://twitter.com/MBuhari/status/1390300551775068165,2021-05-06 13:40:56+00:00
AreaFada1,Charly Boy Area Fada 1,"smearing the image of the church, the largest of any Christian organisation worldwide.
How many of una support dis move?",12,1,https://twitter.com/AreaFada1/status/1390192018148712450,2021-05-06 06:29:40+00:00
dabiodunMFR,Prince Dr. Dapo Abiodun - MFR,"I joined religious leaders and other Christian faithful to give gratitude to God and redefine our faith, as we opened the 3rd Session of the 15th Synod, Egba Diocese (Anglican Communion), this morning.

#BuildingOurFutureTogether #ISEYA #OgunState https://t.co/srm8NYRjnO",69,15,https://twitter.com/dabiodunMFR/status/1388159389618647045,2021-04-30 15:52:43+00:00
PoliceNG,Nigeria Police Force,IGP FELICITATES WITH THE NIGERIAN CHRISTIAN COMMUNITY https://t.co/7i2mKs3HFL,349,43,https://twitter.com/PoliceNG/status/1378597620713721864,2021-04-04 06:37:40+00:00
ShehuSani,Senator Shehu Sani,This is to wish all Christians celebrating Easter a happy and blessed Holy Easter Season.,1724,124,https://twitter.com/ShehuSani/status/1378585903824830466,2021-04-04 05:51:07+00:00
PoliceNG,Nigeria Police Force,"While felicitating with Nigerians, and the Christian community in particular, on the commemoration of the crucifixion, death and resurrection of Jesus Christ, the IGP appreciates the citizenry for their support and calls on them to continue to cooperate with the Nigeria Police",7,3,https://twitter.com/PoliceNG/status/1377943036689272832,2021-04-02 11:16:35+00:00
PoliceNG,Nigeria Police Force,"2021 EASTER CELEBRATIONS: IGP FELICITATES WITH THE NIGERIAN CHRISTIAN COMMUNITY

-Orders AIGs and CPs to ensure round-the-clock security of the public space

In line with his resolve to ensure that Nigerians enjoy crime free Easter celebrations, the Inspector-General of Police,",82,20,https://twitter.com/PoliceNG/status/1377942938630688768,2021-04-02 11:16:12+00:00
MBuhari,Muhammadu Buhari,"I rejoice with Christians on the occasion of this year‚Äôs Easter celebration. It is an opportunity to renew hope and faith, show love and appreciation to one another and not to despair, no matter the challenges of the period.",2949,565,https://twitter.com/MBuhari/status/1377910052946898953,2021-04-02 09:05:31+00:00
dabiodunMFR,Prince Dr. Dapo Abiodun - MFR,"We discussed ways of better accommodating the practice of independent religions when I received the National President, Christian Association of Nigeria (CAN), Rev. Dr Samson Ayokunle and his Ogun State counterpart, Bishop Tunde Akin-Akinsanya in Abeokuta. https://t.co/zhpE0nV1dt",65,15,https://twitter.com/dabiodunMFR/status/1374742426338918408,2021-03-24 15:18:30+00:00
NGRPresident,Presidency Nigeria,"President Buhari enjoins the new leadership of PFN, all Christian leaders and the Church to continue upholding the country in prayers for peace and prosperity. The President wishes Bishop Oke and his team God‚Äôs favour on the new responsibility. //",28,8,https://twitter.com/NGRPresident/status/1368964164086079489,2021-03-08 16:37:45+00:00
NGRPresident,Presidency Nigeria,"The President also commends all participants at the meeting of National Advisory Council of PFN held at the Grace Cathedral, Enugu, for electing the renowned preacher, teacher and evangelist to lead the Christian body, ...",16,6,https://twitter.com/NGRPresident/status/1368964030036119555,2021-03-08 16:37:13+00:00
ShehuSani,Senator Shehu Sani,Referencing our soldiers as Muslims or Christians is a condemnable act.Its divisive &amp; toxic.The security challenges in our country demands a united action and national solidarity.Sowing the seeds of religiosity in the minds of our troops on the frontlines is noxious &amp; dangerous.,3410,1019,https://twitter.com/ShehuSani/status/1363772895114199040,2021-02-22 08:49:30+00:00
AishaYesufu,Aisha Yesufu,"@real_Somto @Dr_Quill @DorathyJames19 Mr Christian, be reading all the Bible not only what your pastor tells you to open 
James 2:26,¬†NIV: ""As the body without the spirit is dead, so faith without deeds is dead."" https://t.co/25ctabxTEX",1,0,https://twitter.com/AishaYesufu/status/1355480089316765697,2021-01-30 11:36:51+00:00
ShehuSani,Senator Shehu Sani,"It‚Äôs not impossible but it‚Äôs highly unlikely that a Christian or a Muslim that doesn‚Äôt ideologically subscribe to the theocratic,extremist and violent agenda of the BH would be fully accommodated and integrated by the group into their inner caucus of terror.",949,147,https://twitter.com/ShehuSani/status/1351252493087481857,2021-01-18 19:37:54+00:00
BashirAhmaad,Bashir Ahmad,"President @MBuhari this afternoon, received in audience a delegation from the Nigeria Christian Pilgrims Commission (NCPC), led by Executive Secretary of the Commission, Rev. Yakubu Pam, at the Council Chambers, the State House, Abuja. https://t.co/J9JEtfbKXY",477,71,https://twitter.com/BashirAhmaad/status/1349695939666194432,2021-01-14 12:32:42+00:00
AishaYesufu,Aisha Yesufu,"I might be able to solve Naija problem ooooh!
On my matter 
Arewa twitter and LGBTQ community align.
Buharists and Gejites align.
Muslims and Christians align
North and South align 
People that usually disagree align on my matter. 
Biko make una use me to get Nigerian peace. https://t.co/YRDjEAKUyF",1342,183,https://twitter.com/AishaYesufu/status/1348762652609228802,2021-01-11 22:44:09+00:00
BashirAhmaad,Bashir Ahmad,"President @MBuhari sends warm greetings to former coach of the Super Eagles, Christian Chukwu, on his 70th birthday, joining sports lovers, family and friends to celebrate the skilful footballer who captained the national team to lift its first African Nations Cup title in 1980.",747,97,https://twitter.com/BashirAhmaad/status/1346793202976776193,2021-01-06 12:18:16+00:00
AishaYesufu,Aisha Yesufu,"I had to go to this my tweet when I came across a tweet that only Christians are being killed by Boko Haram and not Muslims. 
Really?!
A Muslim killed by terrorists and it is like na una una.
Haba!
Isn't it supposed to be about our humanity? https://t.co/GzNuUQBHuf",93,21,https://twitter.com/AishaYesufu/status/1344728106213515272,2020-12-31 19:32:19+00:00
bulamabukarti,Bulama Bukarti,Shekau is doing this to stop Christians from Xmas. Unarmed civilians are sadly at the mercy of one of the most vicious terrorist groups on earth. They‚Äôre killed and abducted and their property destroyed as if they aren‚Äôt humans. Governments need to do more to protect Nigerians.,365,180,https://twitter.com/bulamabukarti/status/1342933815250051072,2020-12-26 20:42:26+00:00
dabiodunMFR,Prince Dr. Dapo Abiodun - MFR,"At the Christmas Service held earlier today at the St. James Anglican Church, Remo Diocese, Iperu, I urged Christians and indeed everyone to show a heart of gratitude to God for witnessing another Christmas. https://t.co/qOFMw3Fblo",231,27,https://twitter.com/dabiodunMFR/status/1342502993749487616,2020-12-25 16:10:30+00:00
ShehuSani,Senator Shehu Sani,There‚Äôs every reason to appreciate and be grateful to the Almighty for surviving the tragedy and the challenges of this year.Wishing all our Christian friends a merry Christmas and a blessed and happy new in advance.,1454,142,https://twitter.com/ShehuSani/status/1342454214593802240,2020-12-25 12:56:41+00:00
MBuhari,Muhammadu Buhari,"I felicitate with our Christian brothers and sisters in particular and all Nigerians in general on this joyous occasion of Christmas 2020, commemorating the birth of Jesus Christ. My Christmas message: https://t.co/ymbTM9Nnwd",3349,517,https://twitter.com/MBuhari/status/1342402084134653953,2020-12-25 09:29:32+00:00
PoliceNG,Nigeria Police Force,"While congratulating Christians in the country as they join other Faithfuls across the globe to celebrate the symbolic anniversary of the Birth of Christ, the IGP expressed profound appreciation to all Nigerians for their support to the Police and ...",15,2,https://twitter.com/PoliceNG/status/1342049293277011970,2020-12-24 10:07:40+00:00
PoliceNG,Nigeria Police Force,"While congratulating Christians in the country as they join other Faithful across the globe to celebrate the symbolic anniversary of the Birth of Christ, the IGP expressed profound appreciation to all Nigerians for their support to the Police and ...",8,0,https://twitter.com/PoliceNG/status/1342046840439644160,2020-12-24 09:57:55+00:00
AishaYesufu,Aisha Yesufu,"Some say I hate Muslims 
Some say i hate Christians 
Some say I hate Igbos
Some say I hate hausas 
Some say I am gay rights activist 
Some say I am homophobic 
When will you all read my bio and see that even my mum says nobody wins in my court?
ü§£ü§£ü§£ü§£ü§£ü§£
I love the truth‚ù§ https://t.co/iEADyQMNLA https://t.co/DyjsiaPwSs",200,37,https://twitter.com/AishaYesufu/status/1330076380311281664,2020-11-21 09:11:35+00:00
AishaYesufu,Aisha Yesufu,Since the past Chief Judge is a Christian her religion must not have been the issue. Or is it because of her gender? https://t.co/yakNHuAcnv https://t.co/0UQDojFmiy,88,37,https://twitter.com/AishaYesufu/status/1329383323014205442,2020-11-19 11:17:37+00:00
dabiodunMFR,Prince Dr. Dapo Abiodun - MFR,"We have sought solace in the life of Christian virtues that Mama Oyediran led, especially in addition to her roles in maintaining the legacies of her father, the late sage, Chief Obafemi Awolowo.",23,3,https://twitter.com/dabiodunMFR/status/1326179622921383936,2020-11-10 15:07:15+00:00
AishaYesufu,Aisha Yesufu,"The only consistent thing about Buhari @MBuhari is his lack of empathy for citizens killed whether it is southern or northern lives or if it is Muslim or Christian lives he gives no damn and he unapologetically shows it.
#EndSars #SecureNorth is the same thing to him: N O I S E !",4988,3837,https://twitter.com/AishaYesufu/status/1319620703709241346,2020-10-23 12:44:27+00:00
dabiodunMFR,Prince Dr. Dapo Abiodun - MFR,"At this critical period of the COVID-19 pandemic, there is a need for Christians to lead by example by obeying their leaders and the government at large. By so doing, believers of the Christian faith would portray themselves as Ambassadors of Christ in all ramifications. https://t.co/xYPnDoMZnm",5,0,https://twitter.com/dabiodunMFR/status/1314635825158725632,2020-10-09 18:36:20+00:00
dabiodunMFR,Prince Dr. Dapo Abiodun - MFR,"This morning, at the 13th Synod of the Remo Diocese, Church of Nigeria, Anglican Communion, held at Cathedral of St. Paul, Sagamu, I charged all Christian faithfuls to serve as moral compasses by being obedient and living lives worthy of emulation by others. https://t.co/EX0KmmRQkY",154,18,https://twitter.com/dabiodunMFR/status/1314635804678000642,2020-10-09 18:36:15+00:00
AishaYesufu,Aisha Yesufu,"So today I am an Igbo hater? ü§£ü§£ü§£ü§£ü§£ü§£
Well I have also been called Northern hater.
Hausa hater
Muslim hater
Christian hater
Government hater
Buhari hater
Osinbajo hater
Abeg add to the list ü§£ü§£ü§£ü§£ü§£",296,39,https://twitter.com/AishaYesufu/status/1313782688415993856,2020-10-07 10:06:16+00:00
AishaYesufu,Aisha Yesufu,"Two religious leaders in Nigeria, one from the Islamic faith and the other from the Christian faith can mobilise 5 million Nigerians to be on the streets but these slave owners want citizens impoverished &amp; dependent on them for miracles and will not allow emancipation of citizens",1447,687,https://twitter.com/AishaYesufu/status/1312492631667077121,2020-10-03 20:40:02+00:00
dabiodunMFR,Prince Dr. Dapo Abiodun - MFR,"I expressed this stance earlier today, when I joined other Christian faithful for the Special Church Service at the Cathedral Church of St. Peters, Ake marking the 60th National Day Celebration. https://t.co/AzhVepbksk",18,5,https://twitter.com/dabiodunMFR/status/1310252469868531713,2020-09-27 16:18:26+00:00
ShehuSani,Senator Shehu Sani,"When Nigerians are abroad &amp; they meet each other, they see themselves as Nigerians;When they are back home,they are Muslims &amp; Christians;When d Super Eagles is playing &amp; winning,they see themselves as Nigerians;After d match or after loosing, they are Hausa,Yoruba,Igbo,Ijaws etc.",4982,1124,https://twitter.com/ShehuSani/status/1309036112468418562,2020-09-24 07:45:04+00:00
AreaFada1,Charly Boy Area Fada 1,"The Evil Man
Has No Future.
The Lamp Of 
The Wicked
Will Be Put Out.
Proverbs 24:20

You wey dey go Church dey
form like say you be better
Christian on Sundays, na so you
dey talk about people, create drama, judge others, lying, cheating and living a fake life is all Ligit? https://t.co/16auMy0rTE",17,2,https://twitter.com/AreaFada1/status/1307554542901436416,2020-09-20 05:37:50+00:00
NGRPresident,Presidency Nigeria,"President @MBuhari receives in audience H.E. Roch Marc Christian Kabore, President of Burkina Faso, at the State House, 17th September 2020 #AsoVillaToday https://t.co/jAh8yUg9GY",914,126,https://twitter.com/NGRPresident/status/1306570832924348419,2020-09-17 12:28:56+00:00
bulamabukarti,Bulama Bukarti,"I just listened to a very gladdening conversation on BBC Hausa. Representatives of Christians and Muslims of Southern Kaduna met to find a path to peace. Each party acknowledged its fault, aired its grievances, emphasized the need for peace and agreed to continue the talks.",1168,403,https://twitter.com/bulamabukarti/status/1304701379903188992,2020-09-12 08:40:23+00:00
ShehuSani,Senator Shehu Sani,"Peace accord between Muslim and Christian communities or btw hostile tribes can only resolve or remedy ethno religious conflicts;But Banditry,Kidnappings and terrorism can only be tackled by the strong action of the Government &amp; security agencies.The difference should be noted.",923,169,https://twitter.com/ShehuSani/status/1302927383394222080,2020-09-07 11:11:10+00:00
AreaFada1,Charly Boy Area Fada 1,"After these vagabonds have emptied the nation‚Äôs treasury, re-looted all loots and disappeared all our savings. Now, they are coming for the church. 
Christians make una readyooooo. 

Is dis KARMA for Fake Pastors and Fake Churches? 
Just asking.",5,1,https://twitter.com/AreaFada1/status/1301199889049817089,2020-09-02 16:46:43+00:00
BashirAhmaad,Bashir Ahmad,"President @MBuhari receives in audience General Overseer of the Redeemed Christian Church of God (@rccghq), @PastorEAAdeboye, at the State House, Abuja. https://t.co/gYaZmJoPDR",1946,301,https://twitter.com/BashirAhmaad/status/1300457711231029252,2020-08-31 15:37:34+00:00
AishaYesufu,Aisha Yesufu,"It is not because he is a Christian either.
#MembersOfDefendersClub please take note https://t.co/Hk0EZ86AAs",7,0,https://twitter.com/AishaYesufu/status/1299292646356254720,2020-08-28 10:28:01+00:00
AreaFada1,Charly Boy Area Fada 1,"The Love 4 Trump.
Anytime I post smtin  on
Trump, na so many of my fellow frustrated Nigerians go come for my wall dey provoke, dey tear eye for me like say I send dem message. 
As una say Trump na God sent, why hasn‚Äôt he done anytin about the prosecution of Christians in Nigeria https://t.co/FoRewvT24V",25,2,https://twitter.com/AreaFada1/status/1299044982515433474,2020-08-27 18:03:53+00:00
AishaYesufu,Aisha Yesufu,"So Kaduna had Muslim lawyers and the rights of Shiites were repeatedly violated in Kaduna and Falanaba Christian had to come from Lagos to stand for them.
Muslim lawyers that cannot help fellow Muslims are those ones Muslim lawyers? Just say you are lawyers from Kaduna.
Take care https://t.co/dBw3zYi8uC",1154,641,https://twitter.com/AishaYesufu/status/1297289387844263936,2020-08-22 21:47:47+00:00
AishaYesufu,Aisha Yesufu,"Two people alone, one from the Christian faith and one from the Islamic faith can command over 20 million Nigerians to come out and make demands for good governance and those in government also under them will listen but they won't because they too need blind followers as SLAVES",130,44,https://twitter.com/AishaYesufu/status/1295347650628386816,2020-08-17 13:12:00+00:00
AishaYesufu,Aisha Yesufu,"@renoomokri In March 2015, @renoomokri was adviser to President and he wasn't bothered that 219 girls mostly Christians like him had been abducted. Today he goes around the world talking as a 'pastor' about persecution of Christians.
He sold out his faith for political appointment #hypocrite https://t.co/7cbzoXEru5",3,0,https://twitter.com/AishaYesufu/status/1294269132964343809,2020-08-14 13:46:22+00:00
AishaYesufu,Aisha Yesufu,"This is @renoomokri who insulted us for standing for #ChibokGirls. Most of them Christians like him. Just because he was serving his political god and had put God aside he accused us of all sorts.
I spoke about his selfish gains on #LeahSharibu and he ran to @APOSTLESULEMAN üòÅüòÅ https://t.co/AS8rozNH2P https://t.co/PC4hmmoXwj",3,0,https://twitter.com/AishaYesufu/status/1294265742544777223,2020-08-14 13:32:53+00:00
AishaYesufu,Aisha Yesufu,#ChibokGirls are mostly Christian's but Reno Omokri @renoomokri 's Christianity went on break for politics because he was serving his political master GEJ. It was when Dapchi abduction happened he remembered his faith. Pathetic slave to political masters. Anything for appointment,240,74,https://twitter.com/AishaYesufu/status/1294039457465851912,2020-08-13 22:33:43+00:00
AishaYesufu,Aisha Yesufu,"The parents of #ChibokGirls voted for GEJ in 2011 but when they were abducted he did nothing. Gejites refused to stand with them. Those shouting christians are being persecuted today refuse to acknowledge most of them were christians.
Seems political bias trumps religious biasüòè",51,12,https://twitter.com/AishaYesufu/status/1293937512008822784,2020-08-13 15:48:37+00:00
ShehuSani,Senator Shehu Sani,"Earlier today,I had a parley with the Muslims,Christian,Hausa and Adara leaders as my personal intervention in search of peace in Kajuru local Government,Kaduna state.Banditry and Terorism cannot be defeated without unity. https://t.co/85SORG31lW",817,109,https://twitter.com/ShehuSani/status/1290019436968042496,2020-08-02 20:19:35+00:00
bulamabukarti,Bulama Bukarti,"This group has a policy of targeting Christians and are present in the forests of Kaduna.

The attacks bear their hallmarks - deadly, no one kidnaped, no properties stolen. 

The faction is so strategic that it might not publicly claim the attacks so as not draw attention.",97,59,https://twitter.com/bulamabukarti/status/1285482359618445312,2020-07-21 07:50:52+00:00
bulamabukarti,Bulama Bukarti,"Gunmen stormed a wedding party at Kukun-Daji of Kaura LGA in Kaduna on Sunday killing 18 people wounding 30. 

Systematic attacks on Christians in Southern Kaduna have recently become frequent.

I suspect that Ansaru, a splinter of Boko Haram loyal to al-Qaida, might responsible.",536,444,https://twitter.com/bulamabukarti/status/1285482357353570304,2020-07-21 07:50:51+00:00
NGRPresident,Presidency Nigeria,"President @MBuhari has approved the appointment of Rev Yakubu Pam as the Executive Secretary of Nigerian Christian Pilgrims Commission (NCPC). Until his appointment, Rev Pam was the Chairman of the Plateau State Christian Pilgrims Board.",881,162,https://twitter.com/NGRPresident/status/1279499649506738176,2020-07-04 19:37:43+00:00
AishaYesufu,Aisha Yesufu,@innomablessed @Attaskiii @Bakrshah1 Are you saying when a Muslim is killed it is collateral damage but when a Christian is killed a human is killed? You agree with me 90% of the time but my life is collateral damage to you? I would prefer you disagree with me all the time but see me as human just like you.,1,0,https://twitter.com/AishaYesufu/status/1279344918981496832,2020-07-04 09:22:52+00:00
NGRPresident,Presidency Nigeria,"President Buhari condoles with the grandchildren of the late businesswoman, and members of the Redeemed Christian Church of God, knowing they will particularly miss her counsel and guidance, garnered from years of working hard to raise a disciplined and focused family.",40,9,https://twitter.com/NGRPresident/status/1275382912951730181,2020-06-23 10:59:16+00:00
BashirAhmaad,Bashir Ahmad,"President @MBuhari has condoled with the family of late Lady Janet Okwaraji, mother of Late footballer, Sam Okwaraji. Mrs Okwaraji, was a teacher and school proprietress, who passed on at the age of 83, leaving lasting memory of kindness, love and charity as a devout Christian.",848,123,https://twitter.com/BashirAhmaad/status/1270039380657352706,2020-06-08 17:05:59+00:00
dabiodunMFR,Prince Dr. Dapo Abiodun - MFR,"I want us all, Nigerian Muslims and Christians, to be grateful to the Almighty that an increasing number of people are recovering from the virus. We should therefore continue to follow advisories on distancing, hand hygiene, face masks, lockdown, and travels.",26,0,https://twitter.com/dabiodunMFR/status/1264579146732240896,2020-05-24 15:28:57+00:00
BashirAhmaad,Bashir Ahmad,"In his message to Nigerians on #EidAlFitr, President @MBuhari has urged Muslims to keep their spirits up in spite of the COVID-19 pandemic, and commended the sacrifices of both Muslims and Christians for their cooperation in the enforcement of the social distancing guidelines.",731,107,https://twitter.com/BashirAhmaad/status/1264501120157790212,2020-05-24 10:18:54+00:00
dabiodunMFR,Prince Dr. Dapo Abiodun - MFR,"I want us all, Nigerian Muslims and Christians, to be grateful to the Almighty that an increasing number of people are recovering from the virus. We should therefore continue to follow advisories on distancing, hand hygiene, face masks, lockdown, and travels.",19,4,https://twitter.com/dabiodunMFR/status/1264486886539739136,2020-05-24 09:22:21+00:00
NGRPresident,Presidency Nigeria,"Further to this, the President who has traditionally shared the joyous moment with top Govt officials, political leaders, community heads, Muslim &amp; Christian religious leaders &amp; children, will not be receiving these homages in a bid to stop the coronavirus from further spreading.",422,76,https://twitter.com/NGRPresident/status/1263852306547773440,2020-05-22 15:20:45+00:00
bulamabukarti,Bulama Bukarti,ISWAP‚Äôs ability to hunt Christians on the road was recently eased by Nigerian Army‚Äôs super camp strategy which withdrew soldiers from frontline communities and consolidated them in big camps to stop BH from overrunning them. The army should deploy more troops to Christian...,45,21,https://twitter.com/bulamabukarti/status/1255896481602711553,2020-04-30 16:27:09+00:00
bulamabukarti,Bulama Bukarti,"Shekau on his part targets everyone that‚Äôs not a member of BH. Make no mistake, BH has by far killed more Muslims than Christians and every Nigerian in the northeast requires protection. But in areas where ISWAP is active, Christians are at higher risk and deserve more security.",43,24,https://twitter.com/bulamabukarti/status/1255896479341969411,2020-04-30 16:27:08+00:00
bulamabukarti,Bulama Bukarti,"Last December, Governor Zulum raised alarm over increasing attacks in Askira and environs and appealed to the army to do more to protect the area. It‚Äôs now clear that these attacks are being committed by ISWAP and the purpose is mainly to destroy Christians.",41,31,https://twitter.com/bulamabukarti/status/1255896477156728835,2020-04-30 16:27:08+00:00
bulamabukarti,Bulama Bukarti,"ISWAP kills Christians by attacking areas they live and hunting them down on the road. They mount checkpoints, stop motorists to fish out Christians, security personnel, civil servants, alleged spies, etc.",37,28,https://twitter.com/bulamabukarti/status/1255896475302866946,2020-04-30 16:27:07+00:00
bulamabukarti,Bulama Bukarti,"This a clear indication that ISWAP is actively pursuing its publicly declared policy of specifically targeting Christian civilians. The group says it only targets Muslim civilians who collaborate with its enemies by working for govts or INGOs, etc, but targets every Christian.",39,29,https://twitter.com/bulamabukarti/status/1255896473771872256,2020-04-30 16:27:07+00:00
bulamabukarti,Bulama Bukarti,"It said it burnt down six churches in the town &amp; abducted three Christians. More worryingly, it stated that it would continue to carry out attacks on the town which it described as ‚Äúthe center of Christianity in Borno State‚Äù until it ‚Äúcleanses it of Christians and Christianity‚Äù.",38,34,https://twitter.com/bulamabukarti/status/1255896472052281344,2020-04-30 16:27:07+00:00
bulamabukarti,Bulama Bukarti,Christians in Borno Villages Deserve Special Protection from ISWAP - A Thread,388,235,https://twitter.com/bulamabukarti/status/1255896466561937409,2020-04-30 16:27:05+00:00
MBuhari,Muhammadu Buhari,"I will also recognise the support we have received from our traditional rulers, the Christian Association of Nigeria, the Nigerian Supreme Council for Islamic Affairs and other prominent religious and community leaders.",1274,452,https://twitter.com/MBuhari/status/1254853885803429888,2020-04-27 19:24:15+00:00
AishaYesufu,Aisha Yesufu,"There are many serial killers that have never been prosecuted. Sadly, it is not just Igbo that are killed or attacked. It is anyone from the south, be you Muslim or Christian.
All in all it has more to do with they came and took away our wealth mentality than even religion! https://t.co/9SGfeD95lM",54,24,https://twitter.com/AishaYesufu/status/1251108453701038080,2020-04-17 11:21:14+00:00
MBuhari,Muhammadu Buhari,"I will take this opportunity to recognise the massive support from our traditional rulers, the Christian Association of Nigeria (CAN) and the Nigerian Supreme Council for Islamic Affairs (NSCIA) during this pandemic.",969,477,https://twitter.com/MBuhari/status/1249760017345130501,2020-04-13 18:03:02+00:00
AishaYesufu,Aisha Yesufu,"@billionairesson @SteveLukpata @hareys_tenej You knew that yet you dragged yourself to the discussion with sense of entitlement. How they unravel!
Christian indeed! Why is it always those with questionable behaviour that advertise their religion? Let's see it in your actions!
Run along and keep washing your hands! https://t.co/nCjfEk4T53",1,0,https://twitter.com/AishaYesufu/status/1249285272795308033,2020-04-12 10:36:34+00:00
MBuhari,Muhammadu Buhari,"There is no better opportunity than now for all Christians in particular, and Nigerians in general, to remain faithful and hopeful that with intensified prayers backed by personal and collective responsibility, the nation shall pull through this most difficult trial.",440,117,https://twitter.com/MBuhari/status/1249280815940468737,2020-04-12 10:18:51+00:00
MBuhari,Muhammadu Buhari,"However, I wish to enjoin our Christian compatriots to rekindle their faith in Christ who overcame persecution, sufferings and displayed endurance, steadfastness and above all piety.",496,129,https://twitter.com/MBuhari/status/1249280511190749185,2020-04-12 10:17:39+00:00
MBuhari,Muhammadu Buhari,"Unprecedented in living memory, majority of Christians have found themselves marking Easter in a subdued manner, away from the usual congregation in churches. This is unusual and very unfortunate.",475,128,https://twitter.com/MBuhari/status/1249280425031319553,2020-04-12 10:17:18+00:00
MBuhari,Muhammadu Buhari,I rejoice with our Christian brothers and sisters as well as all Nigerians on the occasion of the celebration of this year‚Äôs Easter.,14690,1950,https://twitter.com/MBuhari/status/1249280296329109510,2020-04-12 10:16:47+00:00
ShehuSani,Senator Shehu Sani,This is to wish all our Christian friends a happy and blessed Easter Season.,2809,184,https://twitter.com/ShehuSani/status/1248599723293933568,2020-04-10 13:12:26+00:00
PoliceNG,Nigeria Police Force,"While felicitating with the Nigerian Christian Community, as Christendom commemorates the crucifixion, death and resurrection of Jesus Christ, the IGP calls on religious leaders in Lagos, Ogun and the FCT) as well as other States affected by the restriction orders,",33,16,https://twitter.com/PoliceNG/status/1248252074623553539,2020-04-09 14:11:00+00:00
dabiodunMFR,Prince Dr. Dapo Abiodun - MFR,"And we are grateful to the Redeemed Christian Church of God for the donation of 2 ventilators and ICU equipment making it a total of 14 ventilators in Ogun State. In the next few days, the first state fully funded Molecular Laboratory in Nigeria will be unveiled in Ogun State.",36,23,https://twitter.com/dabiodunMFR/status/1246215517402259457,2020-04-03 23:18:27+00:00
dabiodunMFR,Prince Dr. Dapo Abiodun - MFR,"... Chairman of Christian Association of Nigeria and Chairman of Council of Baales. Other members are representative of Market Women, Member(s) of House of Assembly, a maximum of two Political Office holders from the LGA and a Permanent Secretary or a...",23,12,https://twitter.com/dabiodunMFR/status/1246213722042970114,2020-04-03 23:11:19+00:00
obyezeks,Oby Ezekwesili,"As a Pentecostal Christian, ‚Äú...I am not ashamed of the gospel of Christ: for it is the power of God unto salvation to every one that believeth; to the Jew first, and also to the Greek‚Äù. 

My Faith is integral to my Values, my Beliefs, my Convictions, my understanding of Purpose.",150,25,https://twitter.com/obyezeks/status/1243568381594415110,2020-03-27 15:59:41+00:00
ShehuSani,Senator Shehu Sani,"The World used to be artificially divided between Whites &amp; Blacks;Poor &amp; Wealthy;Muslims,Christians,Jews&amp; Hindus;Super Powers and Non Powers;First World &amp; Third World;Western World &amp; the rest of the World;Now is between testing Positive &amp; testing Negative #staysafe #Convid_19",3107,763,https://twitter.com/ShehuSani/status/1242770066833170432,2020-03-25 11:07:28+00:00
bulamabukarti,Bulama Bukarti,"Remember those imams and pastors that claimed that COVID-19 is a hoax, doesn‚Äôt infect Muslims/Christians, would never come to Nigeria...? If they‚Äôve any shame, they‚Äôd stop pretending to speak for God. But worst, their followers would still listen them. Gullible is understatement.",201,59,https://twitter.com/bulamabukarti/status/1242534513537888256,2020-03-24 19:31:27+00:00
ShehuSani,Senator Shehu Sani,"Saudia,Italy,Vatican,Iran,Israel&amp; Senegal have all closed their major sacred places of worship;Whatever is your religious belief or sect,your spiritual HQ has taken a proactive &amp;  preventive action.Let not any Muslim or Christian cleric preach or peddle any myth about #Convid_19",1833,535,https://twitter.com/ShehuSani/status/1241462263833378818,2020-03-21 20:30:43+00:00
bulamabukarti,Bulama Bukarti,"@Chuksbey I voted for Buhari in 2015 but not in 2019. But I don‚Äôt blame those who rejected Atiku because they know his tenure as VP. Plus, not every northern/Muslim supported Buhari and some southerners/Christians also supported him. So if you must blame, blame his supporters.",3,0,https://twitter.com/bulamabukarti/status/1241270354712170496,2020-03-21 07:48:08+00:00
bulamabukarti,Bulama Bukarti,"@Chuksbey Only that the Buhari contested against Atiku, a fellow Muslim, northerner &amp; Fulani. If you are talking of 2015, Jonathan‚Äôs failure was clear to all. That‚Äôs why majority of Nigerians - including southern Christians - voted Buhari, whom we thought would be better, but we‚Äôre wrong.",17,0,https://twitter.com/bulamabukarti/status/1241252440231620609,2020-03-21 06:36:57+00:00
bulamabukarti,Bulama Bukarti,"Nigerians ‚Äî Christians and Muslims, Northerners and Southerners, Men and Women, Young and Old ‚Äî must identify our common enemy, unite and claim our future by wrestling our country from selfish people that are out only to enrich themselves at our collective expense.",155,81,https://twitter.com/bulamabukarti/status/1241102886530146305,2020-03-20 20:42:41+00:00
bulamabukarti,Bulama Bukarti,"Corrupt Hausa politicians connive with corrupt Igbo politicians to loot our resources. Heartless Muslim politicians conspire with heartless Christian politicians to steal. For them, religion, tribe and region are useless, but they tell us to kill one another because of them.",305,129,https://twitter.com/bulamabukarti/status/1238813500182577152,2020-03-14 13:05:29+00:00
bulamabukarti,Bulama Bukarti,"Politicians have done so much damage to Nigeria. They‚Äôve pit ordinary Nigerians against each other. Southerners see northerners as the problem and vice-vice, Christians see Muslims as the problem and vice-versa, Igbos see Yorubas as the problem and vice-versa...",1043,461,https://twitter.com/bulamabukarti/status/1238813497120694273,2020-03-14 13:05:28+00:00
AishaYesufu,Aisha Yesufu,True! Kony is just like Shekau both fighting for God and both abducted school children but many say they never heard of Christian terrorists https://t.co/SJkwhCNQI8,6,4,https://twitter.com/AishaYesufu/status/1237378070652293121,2020-03-10 14:01:36+00:00
bulamabukarti,Bulama Bukarti,"Governor @ProfZulum hasn‚Äôt made the problems of Borno state disappear. But he‚Äôs earned the trust and respect of Nigerians because he shows empathy &amp; stands up for ordinary people. That‚Äôs all Nigerians, Muslims and Christians, are asking for from leaders. Is that too much to ask?",903,374,https://twitter.com/bulamabukarti/status/1236918789670932480,2020-03-09 07:36:34+00:00
bulamabukarti,Bulama Bukarti,Justice Zainab‚Äôs tenure as President of the Court of Appeal expired today. @MBuhari rightly appointed Justice Monica as acting. The former happens to be a Muslim &amp;!the latter Christian so a Christian replaced a Muslim. But no Muslim is complaining because that‚Äôs the right thing.,1652,745,https://twitter.com/bulamabukarti/status/1235656956565762048,2020-03-05 20:02:30+00:00
MBuhari,Muhammadu Buhari,"I join the Christian community in celebrating the General Overseer of Redeemed Christian Church of God (RCCG), Pastor Enoch Adejare Adeboye, at 78. I salute his dedication to God, and his consistency in preaching and living the gospel for many years.",7944,1074,https://twitter.com/MBuhari/status/1234556132343078913,2020-03-02 19:08:13+00:00
BashirAhmaad,Bashir Ahmad,"President @MBuhari joins the Christian community in celebrating General Overseer of Redeemed Christian Church of God, Pastor Enoch Adejare Adeboye at 78, saluting his dedication to God, welfare of the church and consistency in preaching and living the gospel for many years.",519,92,https://twitter.com/BashirAhmaad/status/1234510110929625088,2020-03-02 16:05:21+00:00
dabiodunMFR,Prince Dr. Dapo Abiodun - MFR,"A resounding Happy 78th Birthday to @PastorEAAdeboye , General Overseer, Redeemed Christian Church of God (RCCG). https://t.co/EzGGphmYmw",334,43,https://twitter.com/dabiodunMFR/status/1234379029291118592,2020-03-02 07:24:28+00:00
obyezeks,Oby Ezekwesili,"Happy and glorious birthday to God‚Äôs servant, our Pastor and Daddy in the Redeemed Christian Church of God. The Almighty who has been with you thus far shall be exceedingly gracious to you and anoint you with His fresh oil for greater exploits in Jesus name!üéÇ üåπüéä üéâ ü§óüôèüèæ #EAA78 https://t.co/5jByLTUmNI",516,75,https://twitter.com/obyezeks/status/1234374731517829120,2020-03-02 07:07:24+00:00
bulamabukarti,Bulama Bukarti,"2. Could it be that all four presidents, two Christians from the South, two Muslims from the North, conspired to create and nurture BH? To what end? Those that said it was created by Jonathan to extend his tenure have already been exposed by time for what they are: liars.",101,45,https://twitter.com/bulamabukarti/status/1233658223913291776,2020-02-29 07:40:15+00:00
bulamabukarti,Bulama Bukarti,"The way Borno people, Muslims &amp; Christians, welcomed @ProfZulum‚Äôs call for fasting &amp; prayer says it all. Compare that with Change Begins With Me. Regular Nigerians are ready to unite &amp; support leaders all the way if the leaders prove their worthiness. ‚ÄúA fish rots from the head.",943,403,https://twitter.com/bulamabukarti/status/1231699405117456384,2020-02-23 21:56:36+00:00
MBuhari,Muhammadu Buhari,"I met with the President of Burkina Faso, H.E. Roch Marc Christian Kabore, today at the State House. He is the Chairman of the ECOWAS Committee mandated to engage with the various stakeholders on the issue of the partial closure of Nigeria‚Äôs land borders. https://t.co/iC2CmrdUj9",2541,381,https://twitter.com/MBuhari/status/1230911748129030145,2020-02-21 17:46:44+00:00
AishaYesufu,Aisha Yesufu,"This is my Father's take on religion.
""If it had pleased God, He would have made everyone of us a Christian or everyone of us a Muslim""- Ahmad Tijjani Muhammad (Aisha Yesufu's Fatherüòò) https://t.co/ZngsgxK4j9",173,51,https://twitter.com/AishaYesufu/status/1230495399087083521,2020-02-20 14:12:19+00:00
NGRPresident,Presidency Nigeria,"‚ÄúAs we redouble our efforts for Leah‚Äôs return, we can never allow the terrorists to divide us - Christian against Muslim, Muslim against Christian. We are all Sons of Abraham. And all Nigerians have the same worth and rights before the law, and before God.‚Äù //",65,26,https://twitter.com/NGRPresident/status/1230199610142003200,2020-02-19 18:36:57+00:00
NGRPresident,Presidency Nigeria,"Now aged 16, Leah remains in the hands of the terrorists ‚Äì they say because she refuses to renounce her Christian faith.
‚ÄúWe say, as the Govt for and of all Nigerians,that no person has the right to force another to change their faith against their will &amp; that all life is sacred.",26,14,https://twitter.com/NGRPresident/status/1230199478411517952,2020-02-19 18:36:26+00:00
AishaYesufu,Aisha Yesufu,"First, Muslims and Christians aren't the only set of people that exist. Secondly you defended an incompetent ruler who watched people being killed and did nothing.  Thirdly you are the same as Buharists, sycophants who defend #ICIF rather than defend their Country. 
What a shame! https://t.co/kCvJL76LBu",6,4,https://twitter.com/AishaYesufu/status/1227156670226292739,2020-02-11 09:05:24+00:00
ShehuSani,Senator Shehu Sani,"Minister Lai‚Äôs efforts to upgrade the NTA to the CNN standard is commendable.He is our own Ted Turner.Hoping that the staff will be paid same as Christian Amanpour,Wolf Blitzer,Becky Anderson,Fareed Zakaria and co.",2230,405,https://twitter.com/ShehuSani/status/1226896389474525186,2020-02-10 15:51:08+00:00
BashirAhmaad,Bashir Ahmad,"Dear former Senator sir, you pretty know that those insurgents see everybody, both Christians and Muslims including you (if you‚Äôre not part of them) as completely an unbeliever. As a political ‚Äòblogger‚Äô please use your influence to correct the stereotype. Be a good Ambassador. https://t.co/FPZFngcjXx",2007,619,https://twitter.com/BashirAhmaad/status/1225419591117148161,2020-02-06 14:02:52+00:00
ShehuSani,Senator Shehu Sani,Its true that d majority of d victims of d insurgents are Muslims;It‚Äôs also true that d victims of their violence cuts across people of all faiths &amp; of no faith;But it‚Äôs undeniable that d insurgents habour an ideologically gruesomely murderous  hatred against all Christians.,6032,1726,https://twitter.com/ShehuSani/status/1225303714644267009,2020-02-06 06:22:25+00:00
NGRPresident,Presidency Nigeria,"This means, however, that we must stop false claims that only serve to divide one community against the other. There is no place in Nigeria for those who politicise religion. This is the President‚Äôs message to both Muslim and Christian communities alike.",32,19,https://twitter.com/NGRPresident/status/1225173963640274945,2020-02-05 21:46:50+00:00
NGRPresident,Presidency Nigeria,"Whether you are Christian or Muslim, all Nigerians and their beliefs must be respected.",39,23,https://twitter.com/NGRPresident/status/1225173812737724426,2020-02-05 21:46:14+00:00
NGRPresident,Presidency Nigeria,"The President believes, as does every member of his administration, both Christian and Muslim, in the words of CAN‚Äôs placards: ‚ÄúAll life is sacred.‚Äù",39,18,https://twitter.com/NGRPresident/status/1225173478648811520,2020-02-05 21:44:54+00:00
NGRPresident,Presidency Nigeria,"STATE HOUSE PRESS RELEASE
 
STATEMENT BY PRESIDENCY ON THE PROTESTS BY THE CHRISTIAN ASSOCIATION OF NIGERIA (CAN)
 
The actions of CAN in recent days represent the peaceful right of all Nigerians to protest &amp; express their views on matters of religion, ethics, politics &amp; society.",290,89,https://twitter.com/NGRPresident/status/1225173278383276033,2020-02-05 21:44:06+00:00
BashirAhmaad,Bashir Ahmad,"‚ÄúIndeed, it is the reality that some 90%  of all Boko Haram‚Äôs victims have been Muslims: they include a copycat abduction of over 100 Muslim schoolgirls, along with their single Christian classmate; shootings inside mosques; and the murder of two prominent imams.‚Äù",36,11,https://twitter.com/BashirAhmaad/status/1225004327397482497,2020-02-05 10:32:45+00:00
BashirAhmaad,Bashir Ahmad,"President @MBuhari in the article has explained all your concerns sir, and also added that ‚Äúwe can‚Äôt allow them (BH) to divide good Christians and good Muslims from those things that bind us all in the sight of God: faith, family, forgiveness, fidelity &amp; friendship to each other‚Äù https://t.co/U7YEmVDxyo https://t.co/931KmF8JUe",384,155,https://twitter.com/BashirAhmaad/status/1224999737063018496,2020-02-05 10:14:31+00:00
MBuhari,Muhammadu Buhari,"Contrary to those falsehoods, Christianity is not contracting under pressure in Nigeria, but instead expanding. Neither is it the case that the terrorists are targeting only Christians; the reality indeed is that some 90 percent of all Boko Haram‚Äôs victims have been Muslims.",488,141,https://twitter.com/MBuhari/status/1224735994471165952,2020-02-04 16:46:30+00:00
MBuhari,Muhammadu Buhari,"Those who seek to divide and undermine us are putting their energies into spreading various falsehoods, such as that Christianity is under threat in Nigeria, and that Boko Haram is primarily targeting Christians.",467,121,https://twitter.com/MBuhari/status/1224734371510439937,2020-02-04 16:40:03+00:00
MBuhari,Muhammadu Buhari,"We cannot and must not allow them to divide good Christians and good Muslims from those things that bind us all in the sight of God: faith, family, forgiveness, fidelity, and friendship to each other.",418,113,https://twitter.com/MBuhari/status/1224725410728103938,2020-02-04 16:04:26+00:00
MBuhari,Muhammadu Buhari,"It is very tragic that there is a tiny, if vocal, minority of Nigerian religious leaders‚Äîboth Muslim and Christian‚Äîwho appear more than prepared to fall for the divisive antics of terrorists and to blame the opposite religious side. https://t.co/3kca3Wkhb5",2395,644,https://twitter.com/MBuhari/status/1224723131237064706,2020-02-04 15:55:23+00:00
ShehuSani,Senator Shehu Sani,There are those who are not happy that the alleged bomber ‚Äòis not a Muslim‚Äô;there are those who are happy that the alleged bomber ‚Äòis a Christian‚Äô.We view our common tragedies via our  religious lenses and prejudices and hence lost our common brotherhood and humanity.,6132,1749,https://twitter.com/ShehuSani/status/1224255737284775938,2020-02-03 08:58:07+00:00
AishaYesufu,Aisha Yesufu,"A Christian Association Of Nigeria leader from Michika was executed by Boko Haram recently. Before him 4 aid workers had also been executed after warnings to federal government. 
#NaijaBlackMonday 
#BuhariStopTheKillings
@DailyTimesNGR",9,0,https://twitter.com/AishaYesufu/status/1222514137152020480,2020-01-29 13:37:38+00:00
AishaYesufu,Aisha Yesufu,"The silence of Buhari @MBuhari to the appeal video of Lawan Andimi, chairman of the Christian Association of Nigeria (CAN) in Michika, Adamawa State to be saved from the terrorists is cruel, inhuman &amp; deliberately provocative. 
The uncaring attitude of #ICCIF is killing citizens https://t.co/szWECrmEW0",47,17,https://twitter.com/AishaYesufu/status/1219926683433742336,2020-01-22 10:16:01+00:00
MBuhari,Muhammadu Buhari,"The terrorist killing of Lawan Andimi, chairman of the Christian Association of Nigeria (CAN) in Michika, Adamawa State is cruel, inhuman and deliberately provocative. My deepest condolences to his family, the Christian community across Nigeria, and the Govt &amp; people of Adamawa.",6286,1188,https://twitter.com/MBuhari/status/1219715653038485504,2020-01-21 20:17:27+00:00
bulamabukarti,Bulama Bukarti,"Another barbaric, unacceptable execution by BH. Even in legitimate defensive warfare, Islam forbids killing Men of God. BH is perpetrating and publicizing its heinous acts against Christians to get headlines and stoke divisions. We must all work together to defeat this evil! https://t.co/ipupYBZg1i",13,9,https://twitter.com/bulamabukarti/status/1219535743548362754,2020-01-21 08:22:33+00:00
bulamabukarti,Bulama Bukarti,"8. For those asking, Ansaru was formed in 2012 by members of Boko Haram that weren‚Äôt happy with Shekau‚Äôs indiscriminate killing of Muslim civilians. They‚Äôve the same objectives as BH but announced that they would target violence against state officials, Christians and foreigners.",25,42,https://twitter.com/bulamabukarti/status/1218892014458195968,2020-01-19 13:44:36+00:00
dabiodunMFR,Prince Dr. Dapo Abiodun - MFR,"Just like the early Christians who died in the defence of their faith, these military martyrs paid the supreme sacrifice for Nigeria to remain one and for us to sleep with our two eyes closed.",18,5,https://twitter.com/dabiodunMFR/status/1216434476504571904,2020-01-12 18:59:14+00:00
AreaFada1,Charly Boy Area Fada 1,"CharlyBoy/Falz summons  all the Fake Pastors in Nigeria for deliverance. 
Nigerian Christians are witnessing an explosion of Fake Pastors, False Prophet‚Äôs and the killing of innocent Christians in the land.
The Nigerian pulpit on rampage.
The Devil has been let loose, chineke!!! https://t.co/OVS71dsxLz",128,33,https://twitter.com/AreaFada1/status/1216217627510681600,2020-01-12 04:37:33+00:00
bulamabukarti,Bulama Bukarti,"7. And if the government has the same agenda with Boko Haram as Kukah claimed, why it is killing and destroying them and vice versa? If the Buhari government is anti-Christians as he asserts, why did it work day and night to free the Chibok girls most of whom are Christians?",1,1,https://twitter.com/bulamabukarti/status/1214997754705002497,2020-01-08 19:50:12+00:00
bulamabukarti,Bulama Bukarti,"4. It is untrue it clearly is. There is no scintilla of evidence to support it. It is unjust to the government but, most importantly, to Nigerian Muslims. Bishop Kukah cannot name a single decision, thing or favour Buhari did Muslims against Christians. He has zero evidence!",0,1,https://twitter.com/bulamabukarti/status/1214997748577124352,2020-01-08 19:50:11+00:00
AreaFada1,Charly Boy Area Fada 1,"Keep your Religiosity but allow me express my Spirituality.
Very Spiritual people don‚Äôt run away from the battle field of life. 
Most Christians are cowards. Wanna make heaven but don‚Äôt wanna die. My Spirituality is blossoming every dimension of my simple life with love.......... https://t.co/9f3Doi1JLp",48,11,https://twitter.com/AreaFada1/status/1213737637401497600,2020-01-05 08:22:57+00:00
