username,url,content,likes,comment,video,date
,https://www.instagram.com/p/CfOSSc4pZYF/,"EXODUS Chapter 2 || Audio Tagalog Version
#jesus #jesuschrist #love #lessonlearned #lifequotes #light #lord #life #wisdom #power #panginoon #praisegod #prayer #positive #peaceofmind #peaceful #catholic #christfluencer #care #great #godisgood #katoliko #knowledge #faith #family #exodus",0,0,True,2022-06-25 09:33:10+00:00
,https://www.instagram.com/p/CfOS3FIqE16/,"Mercedes c klasse

#mercedesamg #mercedesbenz #drivingperformance #amg #mercedes #f1jp #amggtfamily #f1 #mbsocialcar #vrrphaatuesday #benz #gelendwagen #automotive #cancun #cars #tabasco #yucatan #luxury #newyear #nye #power #mercedesbenzamg #nice #sls #speed #c63 #a #street #me #bmw",2,0,False,2022-06-25 09:32:52+00:00
,https://www.instagram.com/p/CfOS2adPW1f/,"7æœˆã‚¹ãƒ†ãƒ¼ã‚¸å‚ä¸Šã¾ã§
ã‚ã¨2é€±é–“ğŸ¦¸â€â™‚ï¸ğŸ”¥ğŸ”¥ğŸ”¥

æ—¥æ¯”è°·å…¬åœ’ã§å¾…ã£ã¦ã¾ã™ã‚ˆâ€¼ï¸

3æšç›®ã¯ã‚³ãƒ­ãƒŠå‰ã®ã€‚
è¿‘ã„ã†ã¡å¿…ãšã€
ã‚³ãƒ­ãƒŠå‰ã‚ˆã‚Šæœ€é«˜ãªæ™‚é–“ãŒ
è¨ªã‚Œã‚‹ãâœ¨ğŸ™Œ

ã¡ãªã¿ã«4æšç›®ãŒã‚„ã¯ã‚Šä¸€ç•ª
æœ€é«˜ã§ã£ã›ğŸ‘
7æœˆã‚‚superheroãƒ‘ãƒ¯ãƒ¼ã‚’
ãŠå±Šã‘ã—ã¤ã¤ã€
çš†æ§˜ã§jumpã ğŸ’¥ğŸ’¥
.
.
.
#ã‚ªã‚¯ãƒˆãƒ¼ãƒãƒ¼ãƒ•ã‚§ã‚¹ãƒˆ
#æ—¥æ¯”è°·å…¬åœ’ 
#å¤ãƒ•ã‚§ã‚¹ 
#ãƒ•ã‚§ã‚¹ 
#superhero
#ã‚¹ãƒ¼ãƒ‘ãƒ¼ãƒ’ãƒ¼ãƒ­ãƒ¼ã‚¢ãƒ¼ãƒ†ã‚£ã‚¹ãƒˆ
#ã‚¹ãƒ¼ãƒ‘ãƒ¼ãƒ’ãƒ¼ãƒ­ãƒ¼ 
#ãƒ’ãƒ¼ãƒ­ãƒ¼ã‚·ãƒ§ãƒ¼ 
#å¯èƒ½æ€§ã¯ç„¡é™å¤§ 
#æœ€å¼·
#savetheworld
#å‹•ã‘ã‚‹èº«ä½“ä½œã‚Š
#ã‚¨ãƒ³ã‚¿ãƒ¼ãƒ†ã‚¤ãƒŠãƒ¼
#ãƒãƒ¼ãƒ™ãƒ«å¥½ãã¨ç¹‹ãŒã‚ŠãŸã„ 
#ã‚¢ãƒ™ãƒ³ã‚¸ãƒ£ãƒ¼ã‚º
#ã‚¢ãƒ™ãƒ³ã‚¸ãƒ£ãƒ¼ã‚ºå¥½ããªäººã¨ç¹‹ãŒã‚ŠãŸã„
#avengers 
#nevergiveup 
#è«¦ã‚ãªã„
#power
#ç­‹ãƒˆãƒ¬ 
#ãƒˆãƒ¬ãƒ¼ãƒ‹ãƒ³ã‚°
#è…¹ç­‹å¥³å­
#ãƒ™ãƒªãƒ¼ã‚·ãƒ§ãƒ¼ãƒˆ
#ã‚¹ãƒˆã‚¤ãƒƒã‚¯
#training 
#ã‚¤ã‚±ãƒ¡ãƒ³å¥³å­
#ã‹ã£ã“ã„ã„å¥³æ€§",0,0,False,2022-06-25 09:32:46+00:00
,https://www.instagram.com/p/CfOS2I5rNEj/,"Your power is unlimited.........â¤ï¸ğŸ‘
.
.
#power #powerofpositivity #powerofyourself #inspiringquotes #trending#follow #plzzz #support #foryou #instagram #likes #motivationalquotes",0,0,False,2022-06-25 09:32:44+00:00
,https://www.instagram.com/p/CfOS0TAuiWc/,#Amen #TeamJesus #realtalk #devotion #Christ #instafaith #faith #HolyBible #scripture #verse #worship #Jesus #Christians #encouragement #advice #repost #takenotes #bibleverse #gospel #Hope #WordofGod #Lord #power #Explore #TrustGod #Love #share #trending #peacemaker,0,0,False,2022-06-25 09:32:29+00:00
,https://www.instagram.com/p/CfOSzOOsLPE/,"#motorcycle #sexy #new #model #pics #picture #by #the #dad #of @hansi_terror âšœï¸ğŸ‘‘ğŸ§¡ğŸ‘‘âšœï¸
#dutch #modeling #badass #bad #girl #women #power #follow #for #more #and #if #you #wanna #know #me #beter #then #chek out my other Instagram page @ch.style_trippycrafts",1,1,False,2022-06-25 09:32:20+00:00
,https://www.instagram.com/p/CfOSyj0NStM/,#rozwÃ³j #sukces #czas #awans #firma ##business #businesswoman #szpilki #szpilkinagigancie #aktywum #power #gym #gymgirl #gymmotivation #gymday #saturday,0,0,False,2022-06-25 09:32:15+00:00
,https://www.instagram.com/p/CfOSxz1OLwY/,"ĞŸĞ¾Ğ´Ğ¿Ğ¸ÑˆĞ¸ÑÑŒ Ğ½Ğ° Ğ¼Ğ¾Ğ¹ Ñ‚ĞµĞ»ĞµĞ³Ñ€Ğ°Ğ¼ ğŸ˜˜
Ğ¡ÑÑ‹Ğ»ĞºĞ° Ğ² Ğ¾Ğ¿Ğ¸ÑĞ°Ğ½Ğ¸Ğ¸ Ğ¿Ñ€Ğ¾Ñ„Ğ¸Ğ»Ñ ğŸ‘†ğŸ»ğŸ§¡",1985,5,False,2022-06-25 09:32:09+00:00
,https://www.instagram.com/p/CfOSxqzjsaO/,"Tausend GrÃ¼nde gehabt zu gehen aber habe immer ein Grund gesucht zu bleiben,Die Herausforderung ein liebevoller Mensch zu sein und vor allem auch zu bleiben,liegt darin Menschen zu finden,die ein liebevolles Wesen auch wirklich zu schaÌˆtzen wissenğŸŒ¹

.

.

..
.#justforfun #sonnenschein #liebe #leben#lachen #familie #gym #happy #musik #rnb #power #woman #kickboxing #karate #mma #kunst #best #teamwork#motorrad #drive #cars #auto  #style #motivation #boxer #freundschaft #sport #figter #sniper #happybirthday",0,0,False,2022-06-25 09:32:07+00:00
,https://www.instagram.com/p/CfOSxeYPmRb/,... #life #travelling #journey #leadership #people #share #leader #humanlife #humanresources #activity #team #do #dont #insight #words #power,0,0,False,2022-06-25 09:32:06+00:00
,https://www.instagram.com/p/CfOSxbWIsdF/,"ÛŒÙ‡ Ú©Ø§ÙÙ‡â€ŒÛŒ Ø¢Ø±ÙˆÙ…
ÛŒÙ‡ Ú†Ø§ÛŒ ØªØ§Ø²Ù‡ Ø¯Ù…
ÛŒÙ‡ Ù…ÙˆØ³ÛŒÙ‚ÛŒ Ù…Ù„Ø§ÛŒÙ…
Ø¨Ù‡ Ø¯Ø±Ú© Ú©Ù‡ Ø¨Ø¹Ø¶ÛŒ Ù…Ø´Ú©Ù„Ø§Øª Ø­Ù„ Ù†Ù…ÛŒØ´Ù‡!

#RezaCR7

#challenge #life #problem #solve #leave #live #power #CR7 #Cristiano #crona #football
#Ú†Ø§Ù„Ø´ #Ø²Ù†Ø¯Ú¯ÛŒ #Ù…Ø´Ú©Ù„ #Ø­Ù„_Ù…Ø´Ú©Ù„ #Ø±ÙˆÛŒØ§ #Ø³Ø±Ù†ÙˆØ´Øª #Ú©Ø§Ø± #Ø§Ù†Ú¯ÛŒØ²Ø´ÛŒ #Ø§Ù†Ú¯ÛŒØ²Ù‡ #Ù…ÙˆÙÙ‚ÛŒØª #Ù¾ÛŒØ±ÙˆØ²ÛŒ #Ù‚Ø¯Ø±Øª #Ú©Ø±ÛŒØ³ØªÛŒØ§Ù†ÙˆØ±ÙˆÙ†Ø§Ù„Ø¯Ùˆ #ÙÙˆØªØ¨Ø§Ù„ #Ú©Ø±ÙˆÙ†Ø§",3,0,False,2022-06-25 09:32:05+00:00
,https://www.instagram.com/p/CfOSw0XoeN7/,"After a long time something from me again, did you think I gave up?

Haha no, admire my husband we are getting married soon.

My Love of my Life: Ferid BathoryğŸ¤

#anime #art #manga #artist #digitalart #graphictablet #graphicdesign #myidea #myart #magic #power #artwork #seraphoftheend #owarinoseraph #ferid #feridbathory #feridbathoryedit #mikaela #mikaelahyakuya #vampire #blood #death #love",0,0,False,2022-06-25 09:32:00+00:00
,https://www.instagram.com/p/CfOSwm_uvGQ/,"Who do you need to forgive?

#power #excellence #God #majesty #joy #trials #difficult #advice #troubledtimes #wisdom #obedience #faith #speech #truth #inspiration #repent #repentance #saved #redeemed #encouragement #worship #newstudy #church #preaching #sermon #believe #JesusChrist #lessons #refugepastorjosh",0,0,False,2022-06-25 09:31:59+00:00
,https://www.instagram.com/p/CfOSwIuB5wc/,"ğŸ€ğŸ’¯
:
:
:
:
:
:
:
!
!
!
!
!
!
!
!
!
!
!
!
!
!
!
!

#iczempire #gainwithmtaaraw #gaintrick #gainwithspikes #gainwithmchina #gainwiththeepluto #gainwithxtiandela #gains #gainwithbundi #chuvadelikes #chuvadeseguidores #memesdaily #memesaccount#power #fullpower #memestagram #takipet #sections #vfx #bhyp #kerala #keralam #kerala_360 #keralagodsowncountry #chennai #mumbai #polikoolle #keraladiaries #imalayali #entekeralam",12,1,False,2022-06-25 09:31:55+00:00
,https://www.instagram.com/p/CfOSvD_II-f/,"ğŸ”µ Boost Energy Sugar Free ğŸ”µ
250ml
#boostenergy #taurine #caffeine #sugar #free #powered #energy #drink #boost_energy #boost #senzazucchero #zerozuccheri #park #catania #italyğŸ‡®ğŸ‡¹ #power #italian",1,0,False,2022-06-25 09:31:46+00:00
,https://www.instagram.com/p/CfOSvDJtI5j/,"Auf dem Weg ins Krimi Theater- Die TÃ¼r mit sieben SchlÃ¶ssern! Hier bin ich erst einmal froh meinen ZimmerschlÃ¼ssel zu finden! SchÃ¶nen Tag fÃ¼r EuchğŸ˜…ğŸ‘

Verliere Dich in dem, was Du liebst. Und finde Dich dort wieder. MUM ğŸ˜˜
www.mum-beauty-shop.de

#theater #hamburg #friendship #vacation #besttimes #night #fashion #hotel #makeuplover #fun #makeup #beautyful #instagood #wedding #power #picoftheday #instapic #cosmetics #gaycouples #fondation #followme #visagist #gay #gayman #instagay #me #instaman #saarland #menwithstyle",3,0,False,2022-06-25 09:31:46+00:00
,https://www.instagram.com/p/CfOSuCpLzwy/,"@notyouraverage_dan_t1lt  AM Sweatfest! 45 min treadmill run - average heart rate 170bpm for duration. Pushing the pace!! These goals ainâ€™t gonna achieve themselves!! â™ ï¸ ğŸ¥· ğŸ’ªğŸ»
â™ ï¸1% IRONWILL ğŸ´
ğŸ’¯ Take Charge & Dominate ğŸ¥·ğŸ¾
ğŸ‡¬ğŸ‡§YouTube Channel 22 Smokin AceS
- Earn it & Own it !!!!!!!!!!!!!!!!!!!
- ğŸ’¯ Believe & Achieve ğŸ’¯ !!!!!!
- Nothing is Given !!!!!!!!!!!!!!!!!!
- Hard Chargin !!!!!!!!!!!!!!!!!!!!!!
- Every Dam Day !!!!!!!!!!!!!!!!!!
âœ…
Check out 
www.22smokinaces.co.Uk
For training and apparel.
âœ…
- Stoicevents ğŸ—¡ğŸ‡¬ğŸ‡§
https://linktr.ee/stoicevents
âœ…
- en_tac 
- www.endeavourtactical.com
- For the leading & best of the best tactical kit & equipment ğŸ‡¬ğŸ‡§
- âœ…
- stirlingtimepieces 
- www.Stirlingtimepieces.com
- Precision time keepingğŸ‡¬ğŸ‡§
- âœ…
- Redcoat_apparel
- www.redcoatapparel.com
- âœ…
- stirling_airsoft for the best UK airsoft events.
- www.stirlingairsoft.com
âœ…
iwaactive 
www.iwa.co.uk
22SMOKIN10
FOR 10% DISCOUNTs 
âœ…
beaverfit Discount code  22Smokin10
www.getbeaverfit.com
âœ…
combatfuel 15% Discount Using 22SA
www.combat-fuel.co.uk 
âœ…
blueberry_nutrition check  nutritional advice & programs.
âœ…
tier_one_cbd feel the benefits, take charge and own the day. 
Discount code = 22Smokinaces.boss
âœ…

#eartlyriser #motivated #driven
#physicaltraining #trainer #adapt#healthy #attractive #core #overcome 
#conquer #earnit #ownit #makeithappen #positive
#energy #power #influence #prevail#inspire #lead #guide #charge #electric
#fun #blogger #influencer #leader 
#hardchargin #stud",1,0,False,2022-06-25 09:31:38+00:00
,https://www.instagram.com/p/CfOStXfrgBX/,"ğŸ”¥ à¤à¤¸à¥‡ à¤¹à¥€ à¤ªà¥‹à¤¸à¥à¤Ÿ à¤¦à¥‡à¤–à¤¨à¥‡ à¤•à¥‡ à¤²à¤¿à¤ à¤«à¥‰à¤²à¥‹ à¤•à¤°à¥‡à¤‚ | 
@millionaire_tips023 
@millionaire_tips023 
|
|
â¡ï¸ Follow Karen
@millionaire_tips023 
|
|
double tap to like
@millionaire_tips023 
|
|
#motivation 
#motivationalvideos 
#motivationalquotes 
#mindset 
#millionairemindset 
#millionairetips 
#power 
#money 
#moneymoney 
#business 
#businessman 
#lifechanging 
#idea 
#reels 
#hindiquotes 
#motivationhindi 
#pagal",1,1,False,2022-06-25 09:31:32+00:00
,https://www.instagram.com/p/CfOSsK9sl37/,"#motorcycle #sexy #new #model #pics #picture #by #the #dad #of @hansi_terror âšœï¸ğŸ‘‘ğŸ§¡ğŸ‘‘âšœï¸
#dutch #modeling #badass #bad #girl #women #power #follow #for #more #and #if #you #wanna #know #me #beter #then #chek out my other Instagram page @ch.style_trippycrafts",1,2,False,2022-06-25 09:31:22+00:00
,https://www.instagram.com/p/CfOSohkIiE2/,"Fun line trying to work lache into a step vault at an awkward angle.
10 of 10 would try again.

Thanks to @_patrick_fla_  for filming!

ğŸ‘•- @crawleyparkour 
ğŸ©³- @skochypstiks 
ğŸ¥-@_patrick_fla_

 #fly #movementismedicine #parkour #parkourlife #jump #longlegboi #freerunning #movement #gains #strong #longlegboi #athletic #nopainnogains #power",2,0,True,2022-06-25 09:31:08+00:00
,https://www.instagram.com/p/CfOSqLTrA1h/,"Just 6 days left to go till registration!! A week today is the finals!!!ğŸ’™

#pageant #pageantlife #pageantgirl #pageantqueen #pageantgirluk #beautypageant #uksnatioanlmiss #pageantupdate #pageantplanet #pageantprep #pageantlovers #pageantlife #pageantland #joy #followyourdreams #motivation #smile #success #womensupportingwomen #womenempowerment #power #model",0,0,False,2022-06-25 09:31:06+00:00
,https://www.instagram.com/p/CfOSqKdhgYO/,"Follow:@beinspire.officialclub01 for more. 
â€”
Save it for futureâœ¨ğŸ”¥
â€”
Hit the FOLLOW buttonğŸ¯5k
â€”
ğŸ‘‰Follow:@beinspire.officialclub01 ğŸ‘ˆ
.

ğŸ‘‰Follow:@beinspire.officialclub01 ğŸ‘ˆ
.

ğŸ‘‰Follow:@beinspire.officialclub01 ğŸ‘ˆ

**********************************

#noattitude #selfrespect #ignore 

**********************************

ğŸ”ˆTurn on the Post NotificatioğŸ”ˆto never miss out any post.ğŸ”Š
â€”
#noattitude #nolove #selfrespect #selflove #ignore #learntoignore #power #powerful #powerfulmen #dangerousnature #character #growthmindset #success",1,1,False,2022-06-25 09:31:06+00:00
,https://www.instagram.com/p/CfOSoRDAGBj/,Dit machine is Tijdelijk buiten gebuikt #basicfit #basicfitnl #gym #beast #motivation #begrateful #traininsane #power #morning,4,0,False,2022-06-25 09:30:50+00:00
,https://www.instagram.com/p/CfOSnrZMsmh/,"ğŸ‘ğŸ¼ğŸ‘ğŸ¼ğŸ‘ğŸ¼ 
.
.
.
.
.
.

#foryoupage #foryoupageğŸ’™ #foryoupageğŸ”¥ #foryoupageâ¤ï¸ğŸ˜ #women #womensupportingwomen #womeninbusiness #womenempowerment #womenwholift #womenhustleharder #funnymemes  #power #powerlifting #powercouplebrasil #powercouple #twitter #twitterquotes #twittermemes #twitterthreads #twitterpost #reels #bossbabe #bossbabes #bossbabetribe #period #periodtracker #prochoice #joebiden #usa #abortion",0,1,False,2022-06-25 09:30:46+00:00
,https://www.instagram.com/p/CfOSjuvB8It/,"Tysm sweetheart ğŸ¥°â¤ï¸ğŸ’ª
----------ğŸ----------
@mr_faisu_07 
.

.

.

 .

.

.

.

.

.

.
#faisusquad #faisufangirlğŸ’ƒ #faisu #mr_faisu_07 #faisusquadâ¤ï¸ #faisuians #remixwithfaisu #2407crush #2407crushbymrfaisu #2407gold #2407goldbymrfaisu #explore #explorepage #mrfaisu #mrfaisu07 #bangbaang #hotmodel #smile #team07 #keepgoing #keepsupporting #instagram #viral #love #explorepage #handsome #power #faisufam #trending #jflix #kukifaisu_07 #team07",0,0,True,2022-06-25 09:30:44+00:00
,https://www.instagram.com/p/CfOSm2osfX5/,"Part - 3/21

Nations compared with world on the basis of Soft Power.

Follow me @indo.european.mapper for more content

Partners ğŸ¤
@euro.wealth ğŸ‡®ğŸ‡¹
@european_maper ğŸ‡¦ğŸ‡±
@new_york_mapping ğŸ‡ºğŸ‡²
@italesia_mapper ğŸ‡®ğŸ‡¹
@interesting.maps.ig ğŸ‡­ğŸ‡·
@commonwealth.mapsğŸ‡¦ğŸ‡º
@oceasia_mapper ğŸ‡®ğŸ‡©ğŸ‡¨ğŸ‡³
@inframaps._.india ğŸ‡®ğŸ‡³
@themapaholic ğŸ‡®ğŸ‡³
@globalmapp1ng ğŸ‡¹ğŸ‡·
@turkic_.mapper ğŸ‡¹ğŸ‡·
@erzingan_geography ğŸ‡¹ğŸ‡·
@srb_maps ğŸ‡·ğŸ‡¸
@thracian.maps_ ğŸ‡¹ğŸ‡·
@turkisk.mapper ğŸ‡¸ğŸ‡ªğŸ‡¹ğŸ‡·
@geo.historic.maps ğŸ‡¨ğŸ‡±
@latinoamerican_mapper ğŸ‡¦ğŸ‡·ğŸ‡§ğŸ‡´
@greece.mapper ğŸ‡¬ğŸ‡·
#followï½e
@pakistan.maps ğŸ‡¸ğŸ‡¦ğŸ‡µğŸ‡°
@world.mapper_ ğŸ‡®ğŸ‡³
@geo.plus_ ğŸ‡¬ğŸ‡§ğŸ‡®ğŸ‡³
@imperial.maps ğŸ‡®ğŸ‡³

#map #maps #mapper #mapping #mapporn #soft #power #softpower #influence #mind #people #image #trade #media #development #diplomacy #governance #heritage #image #tourism #ranking #comparison #honduras #democraticrepublicofcongo #iceland #luxembourg #pakistan #laos #follow #followme",1,0,False,2022-06-25 09:30:39+00:00
,https://www.instagram.com/p/CfOSmUTsVHb/,"Quote of the Day ğŸ˜‰ğŸ™‚

#quoteoftheday #rebirth #energy #positivevibes #power #positive #ireland #happiness #cork",0,0,False,2022-06-25 09:30:34+00:00
,https://www.instagram.com/p/CfOSkliIQqL/,"Como me gusta disfrutar cada momento de mi vida y de lo que hago â¤ï¸
Vive y deja Vivir
.
.
.

#mtb #mtblove #mtblife #enjoy #montainbike #montaninbiker #montain #biker #bike #bikelove #instamontain #instabike #heaven #power #day #bicidemontaÃ±a #lovebikeÂ  #life #live #pedalearÂ  #vidasana #vivirÂ  #lovecycling #vive #lovebikeÂ Â  #sun #love #btt #free #never",1,1,False,2022-06-25 09:30:20+00:00
,https://www.instagram.com/p/CfOSkFKMfi1/,"Sisters Fiesta at #prestonhall â™¡
â™¡
â™¡
â™¡
#fez #aligvibes #blue #shiny #clean #hall #maxpower #wheels #boot #door #cargirl #car #vibes #shinyblue #max #power #photo #photography #cars #cargirlsdoitbetter #cargirlculture #cargirlcultureuk #cargirlsdoitbetter",2,0,False,2022-06-25 09:30:16+00:00
,https://www.instagram.com/p/CfOSj7ao_j5/,"UÅ›miechniÄ™ta impreza 
ğŸŒºğŸŒº
#smile #me #polishgirl #girl #power #no #funny #happy #hairstyle #hair #outfitoftheday #day #sun #summer #holiday #nice #time #beautiful #place #pic #picture #car #red #yes",5,0,False,2022-06-25 09:30:15+00:00
,https://www.instagram.com/p/CfOSjYfrW7s/,"You can only go as far as you push â€¦â€¦
.
.
.
.
.

.
.

. #explore #power #gymguys #naturelovers #life #summer #style #photographer #pose #fitness #fitnessmotivation #fitnessmodel #health #training  #sport #lifestyle #fashion #mensfashion #menstyle #gymmodel #gym #gentlemen #model #hotel #handsome #muscles #muscularman #swim #pose #endorsement",8,1,False,2022-06-25 09:30:10+00:00
,https://www.instagram.com/p/CfOSilcvYHB/,"Can't wait till july 4 
Follow @chainsawmanedit",2,1,False,2022-06-25 09:30:04+00:00
,https://www.instagram.com/p/CfOSiO-NBFM/,"I let you... I will always let you in.

#poem #poetry #lovers #love #power #lovestory",1,1,False,2022-06-25 09:30:01+00:00
,https://www.instagram.com/p/CfOSfmmKL0p/,"ğŸ“¸
Owner: @ke93m3 
-
-
-
#E9XOwnersClub #BMW #3Series #E9X #E90 #Sedan #Saloon #E91 #Wagon #E92 #Coupe #E93 #Convertible #Vert #M3 #GTR #GTS #German #Power #Project #Car #Lifestyle #VIP #DUB #Follow #Like #Share",2,3,False,2022-06-25 09:29:39+00:00
,https://www.instagram.com/p/CfOSfXno-em/,"who holds the power?

These small studies in watercolour are available as part of #artistsupportpledge

Presentation #1 (detail), Â£75 (+p&p)
Watercolour on Fabriano, paper size 14.8 x 21cm

DM me to purchase

#wip #studies #watercolour #mary #mother #virgin #hands #column #twist #power #fresco #alfresco #pool #poolside #giotto #scrovegni #sacrifice #landscape #drapery #water #swimming #painting #chiarawilliams #artistsoninstagram",3,4,False,2022-06-25 09:29:37+00:00
,https://www.instagram.com/p/CfOSZBxhIoj/,"A collection of fashion blockbusters from body contouring. Isn't that coolï¼
This powerful sense of health and perfect muscles is the greatest beauty created by body contouring.
#body #bodycontouring #bodyshaping #shaping #fashion #fashionblockbusters #cool #power #health #muscle #beauty #leg #legshaping#plasticsurgery",0,0,True,2022-06-25 09:29:11+00:00
,https://www.instagram.com/p/CfOSbLaseyA/,Not yours. Seems appropriate right now.ğŸ˜• #notyours #feminism #womensrights #prochoice #abortionrights #notyourbody #roevwade #abuse #power,0,0,False,2022-06-25 09:29:03+00:00
,https://www.instagram.com/p/CfOSH3VsvB5/,"âœ¨âœ¨âœ¨âœ¨âœ¨âœ¨âœ¨âœ¨âœ¨âœ¨
.
. 
.
#mentemilionaria #ambition #deus #inteligencia #hardwork #power #viral",0,0,True,2022-06-25 09:29:03+00:00
,https://www.instagram.com/p/CfOSYoOIrzK/,"ØªÙ„Ø§Ø´ Ú©Ù†ğŸ’ª Ø·Ù„Ø§Ø´ Ú©Ù†ğŸ¤©

#Ø³ÛŒØ¯Ù…Ø­Ù…Ø¯Ø­Ø³ÛŒÙ†ÛŒ_ØªÛŒÙ…_Ù…Ù„ÛŒ_Ø¯ÙˆÚ¯Ø§Ù†Ù‡#ØªØ±ÛŒ_Ø§ØªÙ„ÙˆÙ† #Ø¯ÙˆÚ¯Ø§Ù†Ù‡#ÙˆØ±Ø²Ø´Ú©Ø§Ø± #ØªÛŒÙ…_Ù…Ù„ÛŒ #Ø¬Ù‡Ø§Ù†ÛŒ #
#athlete #power #powerman #world #bike #run",0,0,False,2022-06-25 09:28:42+00:00
,https://www.instagram.com/p/CfOST45LuYt/,"#à¸ªà¸£à¹‰à¸­à¸¢à¸‚à¹‰à¸­à¸¡à¸·à¸­à¸–à¸±à¸à¹€à¸Šà¸·à¸­à¸
#à¹à¸„à¸¥à¹„à¸‹à¸•à¹Œ #à¸—à¸±à¸šà¸—à¸´à¸¡

#Calcite à¸«à¸´à¸™à¸—à¸µà¹ˆà¸Šà¹ˆà¸§à¸¢à¸ªà¸™à¸±à¸šà¸ªà¸™à¸¸à¸™à¸à¸²à¸£à¹€à¸›à¸¥à¸µà¹ˆà¸¢à¸™à¹à¸›à¸¥à¸‡à¹„à¸›à¸ªà¸¹à¹ˆà¸ªà¸´à¹ˆà¸‡à¹„à¸«à¸¡à¹ˆà¹† à¸™à¸³à¸¡à¸²à¸‹à¸¶à¹ˆà¸‡à¸„à¸§à¸²à¸¡à¸£à¹ˆà¸³à¸£à¸§à¸¢à¹à¸¥à¸°à¸­à¸¸à¸”à¸¡à¸ªà¸¡à¸šà¸¹à¸£à¸“à¹Œà¸à¸£à¸°à¸•à¸¸à¹‰à¸™à¹‚à¸Šà¸„à¸¥à¸²à¸   à¹€à¸ªà¸£à¸´à¸¡à¸ªà¸£à¹‰à¸²à¸‡à¸à¸³à¸¥à¸±à¸‡à¹ƒà¸ˆ 

#Ruby à¹€à¸à¸´à¹ˆà¸¡à¸„à¸§à¸²à¸¡à¸à¸¥à¹‰à¸²à¸«à¸²à¸ à¹à¸¥à¸°à¸„à¸§à¸²à¸¡à¸ªà¸‡à¹ˆà¸²à¸‡à¸²à¸¡ à¹ƒà¸«à¹‰à¹à¸à¹ˆà¹€à¸ˆà¹‰à¸²à¸‚à¸­à¸‡ à¸ªà¸£à¹‰à¸²à¸‡à¸„à¸§à¸²à¸¡à¸¡à¸±à¹ˆà¸™à¸„à¸‡à¹ƒà¸™à¸”à¹‰à¸²à¸™à¸„à¸§à¸²à¸¡à¸ªà¸‡à¸š à¹à¸¥à¸°à¸£à¸¸à¹ˆà¸‡à¹€à¸£à¸·à¸­à¸‡ à¸à¸¥à¹‰à¸²à¹à¸ªà¸”à¸‡à¸­à¸­à¸ à¸à¹ˆà¸­à¹ƒà¸«à¹‰à¹€à¸à¸´à¸”à¸„à¸§à¸²à¸¡à¸„à¸´à¸”à¸ªà¸£à¹‰à¸²à¸‡à¸ªà¸£à¸£à¸„à¹Œ

à¸Šà¹ˆà¸­à¸‡à¸—à¸²à¸‡à¸à¸²à¸£à¸•à¸´à¸”à¸•à¹ˆà¸­ 
à¸£à¹‰à¸²à¸™ StoneLâ¤ver
www.StoneLover.com
Line ID : StoneLover
IG : StoneLover_
FB : StoneLover 
Tel. 089-5777-567

#rhodolite #quartz #stone #stonelover #healing #colorstone #stonelover #stone #lucky #luckystone #color #colorstone #gems #gemstone #power  #powerstone #healing #magic #health #wealth #bracelet #necklace #ring #earrings #anklet #icequartz #ice #himalaya #quartz",2,1,True,2022-06-25 09:28:16+00:00
,https://www.instagram.com/p/CfOSS5dN7MP/,"officiellement l Ã©tÃ© â˜€ï¸
Barbeuc, plage, glace, la meilleure saisonğŸ˜
________________________________________

#forceathletique #musculation #squat #bench #deadlift #championship #coachsportif #powerlifting #power #stronggirl #strong 
#trainingmotivation #motivation ##sport
#trainingday #instagram #instagood #france #competition",4,0,False,2022-06-25 09:27:55+00:00
,https://www.instagram.com/p/CfOSS2iNhep/,"When someone can get your mind like the butterflies that are in your body already

#poem #poetry #love #lovestory #lovers #power",1,0,False,2022-06-25 09:27:55+00:00
,https://www.instagram.com/p/CfOSOVosEgf/,"ğŸ’›

#girls #power #summer #prishtina #kosova #",0,0,False,2022-06-25 09:27:18+00:00
,https://www.instagram.com/p/CfOSNWLqvwy/,"â˜€ï¸
Owner: @yukselgzts1 
-
-
-
#E9XOwnersClub #BMW #3Series #E9X #E90 #Sedan #Saloon #E91 #Wagon #E92 #Coupe #E93 #Convertible #Vert #M3 #GTR #GTS #German #Power #Project #Car #Lifestyle #VIP #DUB #Follow #Like #Share",2,3,False,2022-06-25 09:27:10+00:00
,https://www.instagram.com/p/CfOSNUiIyoq/,"Being positiv in a negativ situation is not naive. Itâ€˜s leadershipâ—ï¸âš¡ï¸

#woman #carselfie #tattoo #inked #inkedwoman #brown #modeling #model #fashion #dÃ¼sseldorf #cologne #kÃ¶ln #bonn #troisdorf #photography #photooftheday #likeit #pictureoftheday #classy #italy #beauty #makeup #berlin #hamburg #viral #foryou #strong #fire #power #temperamento",69,14,False,2022-06-25 09:27:10+00:00
,https://www.instagram.com/p/CfOR6DJDBIX/,"SoÌˆzuÌˆn É™sl mÉ™nasÄ±nda bu goÌˆzÉ™l xanÄ±mÄ± @ruqiyya_qarayeva_7 ""Super Woman"" adlandÄ±rsaq yanÄ±lmarÄ±qğŸ˜ DÉ™yÉ™rli RuqiyyÉ™ xanÄ±m, hÉ™yatda É™n goÌˆzÉ™l vÉ™ É™n É™sasÄ± da keyfiyyÉ™tli olan hÉ™r bir sÌ§eyÉ™ dÉ™yÉ™r vermÉ™yi bacarmÄ±sÄ±z. ElÉ™ buna goÌˆrÉ™ dÉ™ hayatda zÉ™hmÉ™tinizlÉ™ nail olduqunuz buÌˆtuÌˆn ugÌ†urlarÄ±nÄ±z hÉ™m sizi hÉ™m dÉ™ sizi sevÉ™nlÉ™rÄ± xosÌ§bÉ™xt edir vÉ™ boÌˆyuÌˆk zoÌˆvq verirğŸ¥° HÉ™r yerdÉ™ goÌˆzÉ™llik yaratmaqÄ± bacardÄ±gÌ†Ä±nÄ±z uÌˆcuÌˆn, hÉ™yatÄ±mÄ±za bacarÄ±qlÄ± É™llÉ™rinizlÉ™ rÉ™ng qatdÄ±gÌ†Ä±nÄ±z uÌˆcuÌˆn sizÉ™ tÉ™sÌ§É™kkuÌˆr edirik @onelight_showroom ğŸ™ğŸ‘ğŸ»ğŸ€ğŸ’š @raypath.az @kenika_nutrilife 
#kenikanutrilife #raypathazerbaijan #raypath #raypathinternational #faceglove #thebestskincare  #loveyourself #nanosilver #power #of #nature #love #organic #natural #untibacterial #makeupremover #face #cleaner #facecleanser ##cleanser #remover #nano #nanotechnology #technology #of #future #babyface #foreveryoung #lovelife #loveyou #all",2,2,True,2022-06-25 09:26:43+00:00
,https://www.instagram.com/p/CfOSHrmqFEl/,"ğŸ’
Owner: @euan.mcdowall 
-
-
-
#E9XOwnersClub #BMW #3Series #E9X #E90 #Sedan #Saloon #E91 #Wagon #E92 #Coupe #E93 #Convertible #Vert #M3 #GTR #GTS #German #Power #Project #Car #Lifestyle #VIP #DUB #Follow #Like #Share",5,1,False,2022-06-25 09:26:23+00:00
,https://www.instagram.com/p/CfOSHiuoTBH/,"When you learn ,you will gain knowledge and knowledge is power to change your future.

@beindependent

#instapost #instagram #motivationalquotes #learning #growth #bizgurukulcontent #quotes #knowledge #power #future #change #learners 
#saturdayvibes #earn",0,0,False,2022-06-25 09:26:22+00:00
,https://www.instagram.com/p/CfOSCy7Ldsb/,Last thunderstorm ğŸ˜âš¡ï¸ğŸ’¨#thunderstorm #lightning #nature #high #energy #power #nice #beautiful #wow #naturephotography,6,3,False,2022-06-25 09:25:43+00:00
,https://www.instagram.com/p/CfOSCWIhI_y/,"https://youtu.be/f0bu18_N840
Mars is action oriented planet. It is associated with our actions, energy. #VedicAstrology #Astrology #AstrologyTips #LearnAstrology #mars #mangal #grah #planets #energy #daring #power #astrology #astro #jyotish #vastu #MahaVastu #astrologer #kundali",0,0,False,2022-06-25 09:25:40+00:00
,https://www.instagram.com/p/CfOSALaPPEC/,"#BrokenHeartMandala
Each piece signifies different #part , #emotion , #feeling , #quality , #aspectoflife ..
Each colour represents a different #self... 
#love #confidence #strength #anger #power #bravery #warmth #creativity #freshness #trust #peace #loyalty #competence #passion #sincerity #royalty #egony #secretivity #spirituality #ambition #simplicity
One for all, all for one... 
Heart, a broken one...",0,0,False,2022-06-25 09:25:22+00:00
,https://www.instagram.com/p/CfOR8nsJ-uh/,"FUN TI.ME â¤ï¸
@STEP_OUT_OFF

#funnymemes #memes #funny #meme #bones
#memesdaily #lol #comedy #funnyvideos #follow #dailymemes #rough #offensivememes #edgymemes #fun #lmao #humor #power #tounge #like #love #memestagram #instagram #funnymeme #dankmeme #jokes #memer #explorepage #instagood #bhfyp",3,1,False,2022-06-25 09:24:53+00:00
,https://www.instagram.com/p/CfOR5wgM3Hq/,"Weekend Nadchodzi ğŸŒ„
WiÄ™c Czas na Nowy Film na kanale YouTube ğŸ‘€

Jak Ä‡wiczyÄ‡ TyÅ‚ Uda, w tym DwugÅ‚owe ğŸ”¥
Co zrobiÄ‡, jeÅ›li maszyny na siÅ‚owni do Uginania kolan sÄ… zajÄ™te?

MiÅ‚ego seansu ğŸ˜ğŸ¤œ

https://youtu.be/F6bkJQbELOU

#gym #bodybuilder #hamstrings #tyÅ‚uda #doceluzpasja #strong #trener #praca #workout #power #doceluzpasja #trening #legcurl
#sport #dwugÅ‚owe #siÅ‚ownia #film #fitstyle #youtube #Ä‡wiczenie #fit",4,0,False,2022-06-25 09:24:29+00:00
,https://www.instagram.com/p/CfOR41SoH5b/,"who holds the power?

These small studies in watercolour are available as part of #artistsupportpledge

Presentation #1 , Â£75 (+p&p)
Watercolour on Fabriano, paper size 14.8 x 21cm

DM me to purchase

#wip #studies #watercolour #mary #mother #virgin #hands #column #twist #power #fresco #alfresco #pool #poolside #giotto #scrovegni #sacrifice #landscape #drapery #water #swimming #painting #chiarawilliams #artistsoninstagram",7,2,False,2022-06-25 09:24:22+00:00
,https://www.instagram.com/p/CfOR26frO0X/,#success #determination #power #lifestyle,0,0,False,2022-06-25 09:24:06+00:00
,https://www.instagram.com/p/CfOR20Ajw0-/,#sisters #power ğŸ¥‚ğŸ‘¯â€â™€ï¸ #morzebaÅ‚tyckie #gdansk,3,0,False,2022-06-25 09:24:05+00:00
,https://www.instagram.com/p/CfOR1KJtQkI/,"C H I L L P I L L 
â–ªï¸
â–ªï¸
â–ªï¸
â–ªï¸
â–ªï¸
â–ªï¸
#ahaa #chill #philly #after #sunrise #goodvibes #theday #realize #power #friends #blasted #visual #memories #wayanad #alltogether #instavibes #instagram #ajudaz #intevibeğŸ¤™",22,6,False,2022-06-25 09:23:52+00:00
,https://www.instagram.com/p/CfOR0cKNhfr/,"Sempre di piÃ¹ ğŸ«€
.
.
.
#cardio #radiology #radiologylife #medicine #heart #team #power #party #longparty #drink #life #lifestyle #lifequotes #enjoy #enjoylife #profumo #profumospaziosensoriale #happy #happylife #summer #summertime #summervibes #igers #igersroma #igersitalia #roma #rhome #partyhard #style #likesforlike",9,0,False,2022-06-25 09:23:46+00:00
,https://www.instagram.com/p/CfOR0EEPmqh/,"James 100 days completed boss all time industry King â¤ï¸ğŸ”¥ğŸ‘‘ğŸ˜
#appu #appuboss #power #powerstarfans #appuliveson #james #james100days",7,0,False,2022-06-25 09:23:43+00:00
,https://www.instagram.com/p/CfORzS_g0Ul/,"Wenn man weiÃŸ, dass Worte nichts bewirken, schweigt man eben! ğŸ–¤ #fitnessjunkie #fitfam #fitnessmotivation #fitgirl #gym #gymgirl #strongissexy #strongisbeautiful #justdoit #nike #workout #trainhard #getfit #power #tattoolove #tattoogirl #balanceisthekey #friendshipgoals #happyme #luckyone #thinkpositive #goodvibes #liebelebelache",6,3,False,2022-06-25 09:23:36+00:00
,https://www.instagram.com/p/CfORrPoIqgR/,"Ãˆ risaputo che la libera professione ha un concetto tutto suo di maternitÃ  e tutela della donna incinta.

Personalmente ho vissuto i primi due trimestri con un'aspettativa di lavoro molto alta, secondo il quale il ""non mi fermerÃ² mai"" era il pensiero quotidiano. 
Poi fai i conti con la realtÃ  e quindi: fastidi, dolori, stanchezza mentale, desiderio incontrollabile di dormire, alterazioni sensoriali, emotive ed energetiche...
Tutti segnali che ti fanno capire quanto non serva essere Wonder Woman.
Puoi continuare ad ignorarli fino a quando la psicosomatica non prende il sopravvento e compaiono pubalgia, tallonite e altro che ti bloccano a letto e sei costretta a dare al corpo e alla gravidanza la dignitÃ  che meritano.

""Momenti no"" a parte, il mio resta sempre il lavoro piÃ¹ bello del mondo e avere la fortuna di donare cosÃ¬ tanto movimento al mio pancino in costante crescita Ã¨ una fortuna che non tutti godono!",12,9,False,2022-06-25 09:22:30+00:00
,https://www.instagram.com/p/CfMAeqLJaZ5/,"Burj khalifa Dubai 
I â¤ï¸ Dubai 
.
.
.

#self-love #dubai #strongwomen #strongwoman #momlife #singlemom #happyheart #payingmyownbills #adventure #dubailife #lovetodressup #growingup #growthmindset #growth #instalike #woman #singlemom #stronggirl #womensupportingwomen #explorepage #explore #exploremore #real #peace #power #pride #patience #fitness #womenempoweringwomen #travel #diary",156,12,False,2022-06-24 12:13:46+00:00
,https://www.instagram.com/p/CfL9pNQNBzW/,"ğŸ’ªğŸ’ª

#bodybuilding #bodybuilder #physique #fitness #bodygoals #bodyclassic #lifestyle #life #goodvibes #happy #enjoylife #sixpack #health #oldschool #gym #mindset #motivation #diet #fitfam #strong #power #training #health #goodmorning #work #hardwork #travelgram #picoftheday #muscle #trending #saturday",57,41,False,2022-06-24 11:48:59+00:00
,https://www.instagram.com/p/CfDy_5IplHy/,"Dubai Miracle Garden 
I â¤ï¸ Dubai 
.
.
.

#self-love #dubai #strongwomen #strongwoman #momlife #singlemom #happyheart #payingmyownbills #adventure #dubailife #lovetodressup #growingup #growthmindset #growth #instalike #woman #singlemom #stronggirl #womensupportingwomen #explorepage #explore #exploremore #real #peace #power #pride #patience #fitness #womenempoweringwomen #travel #diary",349,43,False,2022-06-21 07:42:02+00:00
,https://www.instagram.com/p/CCkzyEonVtO/,"ExpressionğŸ˜ğŸ’“ğŸ’“ğŸ’“
 @inshot.app @#gainwithmtaaraw #gaintrick 
#gainwithspikes #gainwithmchina #gainwiththeepluto #gainwithxtiandela #gains #gainwithbundi #chuvadelikes #chuvadeseguidores #memes #memesdaily #memesaccount#power #fullpower #memestagram #takipet #sections #vfx #bhyp #kerala  #keralam #kerala_360 #keralagodsowncountry #chennai #mumbai #polikoolle #keraladiaries #imalayali #entekeralaminshot_gallery @vsco.kerala__",186,12,True,2020-07-13 08:13:54+00:00
